Life Form,,,,,Climber,Climber,Climber,Large Forb/Herb,Large Forb/Herb,Large Forb/Herb,Large Non-tufted grass/sedge,Large Non-tufted grass/sedge,Large Non-tufted grass/sedge,Large Shrub to Medium Tree,Large Shrub to Medium Tree,Large Shrub to Medium Tree,Large Tufted grass/sedge,Large Tufted grass/sedge,Large Tufted grass/sedge,Medium Forb/Herb,Medium Forb/Herb,Medium Forb/Herb,Medium Non-tufted grass/sedge,Medium Non-tufted grass/sedge,Medium Non-tufted grass/sedge,Medium Tufted grass/sedge,Medium Tufted grass/sedge,Medium Tufted grass/sedge,Non-tufted Ground Fern,Non-tufted Ground Fern,Non-tufted Ground Fern,Prostrate Shrub,Prostrate Shrub,Prostrate Shrub,Prostrate or Mat-forming Forb/Herb,Prostrate or Mat-forming Forb/Herb,Prostrate or Mat-forming Forb/Herb,Scrambler,Scrambler,Scrambler,Shrub,Shrub,Shrub,Small Forb/Herb,Small Forb/Herb,Small Forb/Herb,Small Non-tufted grass/sedge,Small Non-tufted grass/sedge,Small Non-tufted grass/sedge,Small Shrub,Small Shrub,Small Shrub,Small Tufted grass/sedge,Small Tufted grass/sedge,Small Tufted grass/sedge,Tiny Tufted grass/sedge,Tiny Tufted grass/sedge,Tiny Tufted grass/sedge,Tufted Ground Fern,Tufted Ground Fern,Tufted Ground Fern
Year,,,,,0,3,6,0,3,6,0,3,6,0,3,6,0,3,6,0,3,6,0,3,6,0,3,6,0,3,6,0,3,6,0,3,6,0,3,6,0,3,6,0,3,6,0,3,6,0,3,6,0,3,6,0,3,6,0,3,6
Treatment,Plot Number,Quadrat Number,Fenced,Gap,,,,,,,,,,,,,,,,,,,,,,,,,,,,,,,,,,,,,,,,,,,,,,,,,,,,,,,,,
Control,2,1,False,False,0.5,1.5,0.5,36.5,77.5,56.0,0,0,0.0,0.0,0.0,0.0,0.0,0.0,0.0,3.5,36.5,1.0,3.0,9.0,3.5,7.5,22.5,1.0,0.0,0.0,0.0,0.0,9.0,0.0,3.5,30.0,0.5,0.0,0.0,0.0,0.0,0.0,0.0,0.0,0.0,0.0,0.5,9.0,0.5,0.0,0.0,0.0,3.0,0.0,0.5,0,0.0,0.0,0.0,0.0,0.0
Control,2,2,False,False,0.5,1.5,0.5,55.5,129.5,56.0,0,0,0.0,0.0,0.0,0.0,0.0,0.0,0.0,4.0,22.5,7.0,7.5,9.5,10.5,3.0,28.5,0.5,0.0,0.0,0.0,0.5,0.0,3.5,36.0,58.5,1.5,0.0,0.0,0.0,0.0,0.0,0.0,0.0,0.0,0.0,0.5,9.0,0.5,0.0,0.0,0.0,7.5,2.5,0.5,0,0.0,0.0,0.5,1.5,0.0
Control,2,3,False,False,0.5,0.0,0.5,56.5,97.0,46.0,0,0,0.0,0.0,0.0,0.0,0.0,0.0,0.0,3.0,21.5,5.0,3.0,6.0,3.0,0.5,1.0,0.0,0.0,0.0,0.0,0.0,0.0,0.0,15.0,30.0,4.0,0.0,0.0,0.0,0.0,0.0,0.0,0.0,0.0,0.0,0.5,6.0,0.0,0.0,0.0,0.0,25.5,0.0,3.5,0,0.0,0.0,0.0,0.0,0.0
Control,2,4,False,False,0.5,3.0,0.5,27.0,19.0,35.5,0,0,0.0,0.0,0.0,0.0,0.0,0.0,0.0,2.0,15.0,4.5,3.0,7.5,3.0,3.5,8.0,0.0,0.0,0.0,0.0,0.0,0.0,0.0,8.0,0.5,4.0,0.0,0.0,0.0,0.0,0.0,0.0,0.0,0.0,0.0,0.0,3.0,0.5,0.0,0.0,0.0,6.0,0.0,0.5,0,0.0,0.0,0.0,0.0,0.0
Control,2,5,False,False,0.0,0.5,0.0,35.5,28.0,48.0,0,0,0.0,0.0,0.0,0.0,0.0,0.0,0.0,2.5,5.0,2.0,15.0,3.0,0.5,0.0,0.0,0.0,0.0,0.0,0.0,0.0,0.0,0.0,1.0,2.0,4.0,0.0,0.0,0.0,0.0,0.0,0.0,0.0,0.0,0.0,0.0,3.0,3.0,0.0,0.0,0.0,25.5,3.5,0.5,0,0.0,0.0,0.0,0.0,0.0
Control,2,6,False,False,0.5,0.0,0.5,5.0,56.0,55.5,0,0,0.0,0.0,0.0,0.0,0.0,0.0,0.0,3.0,17.0,10.5,15.0,7.5,3.0,0.5,0.5,0.5,0.0,0.0,0.0,0.0,0.0,0.0,46.5,8.0,4.5,0.0,0.0,0.0,0.5,0.0,0.0,0.5,0.0,0.0,0.5,0.0,3.0,0.0,0.0,0.0,3.0,0.5,2.0,0,0.0,0.0,0.0,0.0,0.0
Control,2,7,False,False,0.5,3.0,0.0,64.0,51.5,56.0,0,0,0.0,0.0,0.0,0.0,0.0,0.0,0.0,5.5,20.5,7.0,7.5,3.0,3.0,0.0,3.0,0.5,0.0,0.0,0.0,0.0,0.0,0.0,1.0,3.5,1.5,0.0,0.0,0.0,0.0,0.0,0.0,0.5,0.0,0.0,0.5,3.0,3.0,0.0,0.0,0.0,4.0,0.0,1.5,0,0.0,0.0,0.0,0.0,0.0
Control,2,8,False,False,0.0,0.0,0.0,46.0,58.0,56.0,0,0,0.0,0.0,0.0,0.0,0.0,0.0,0.0,6.0,8.5,2.5,3.0,3.0,3.0,0.0,0.5,0.5,0.0,0.0,0.0,0.0,0.0,0.0,1.5,3.5,3.5,0.0,0.0,0.0,0.0,0.0,0.0,0.0,0.0,0.0,0.5,3.0,3.0,0.0,0.0,0.0,0.5,0.5,0.0,0,0.0,0.0,0.5,3.0,0.5
Control,2,9,False,False,0.5,0.0,0.5,53.5,3.5,55.5,0,0,0.0,0.0,0.0,0.0,0.0,0.0,0.0,1.5,0.5,3.5,15.0,0.0,0.5,0.0,0.5,0.5,0.0,0.0,0.0,0.0,0.0,0.0,11.0,0.0,1.0,0.0,0.0,0.0,0.0,0.0,0.0,0.0,0.0,0.0,0.0,0.5,0.0,0.0,0.0,0.0,15.0,0.5,1.0,0,0.0,0.0,0.0,0.0,0.0
Control,2,10,False,False,0.0,0.0,0.5,37.5,39.0,49.5,0,0,0.0,0.0,0.0,0.0,0.0,0.0,0.0,3.0,13.0,7.5,3.0,3.0,0.5,0.0,3.0,0.0,0.0,0.0,0.0,0.0,0.0,0.0,2.0,6.0,4.0,0.0,0.0,0.0,0.0,0.0,0.0,0.0,0.0,0.0,0.5,0.0,0.0,0.0,0.0,0.0,3.0,0.5,0.5,0,0.0,0.0,0.0,0.0,0.0
Control,2,11,False,False,0.0,0.5,0.5,48.5,61.5,45.5,0,0,0.0,0.0,0.0,0.0,0.0,0.0,0.0,5.5,6.5,3.5,15.0,7.5,8.0,3.5,3.5,0.5,0.0,0.0,0.0,0.0,0.0,0.0,6.5,8.5,2.0,0.0,0.0,0.0,0.0,0.0,0.0,0.0,0.0,0.0,0.0,3.0,0.0,0.0,0.0,0.0,1.0,0.5,0.0,0,0.0,0.0,0.0,0.0,0.0
Control,2,12,False,False,0.5,1.0,0.0,76.0,162.0,68.5,0,0,0.0,0.0,0.0,0.0,0.5,0.0,0.0,3.5,12.0,5.5,25.0,6.0,3.5,0.0,0.0,0.0,0.0,0.0,0.0,0.0,0.0,0.0,51.0,16.0,1.5,0.0,0.0,0.0,0.0,0.0,0.0,0.0,0.0,0.0,0.0,1.0,0.0,0.0,1.0,0.0,15.0,0.0,3.0,0,0.0,0.0,0.0,0.0,0.0
Control,2,13,False,False,0.0,0.0,0.0,16.5,53.0,58.0,0,0,0.0,0.0,0.0,0.0,0.0,0.0,0.0,2.0,7.0,2.0,15.0,25.0,3.0,0.0,0.5,0.0,0.0,0.0,0.0,0.0,0.0,0.0,25.0,6.0,4.0,0.0,0.0,0.0,0.0,0.0,0.0,0.0,0.0,0.0,0.0,3.0,0.5,0.0,0.0,0.0,65.5,18.0,0.5,0,0.0,0.0,0.0,0.0,0.0
Control,2,14,False,False,0.0,0.0,0.0,46.0,51.5,48.5,0,0,0.0,0.0,0.0,0.0,0.0,0.5,0.0,2.5,8.5,2.5,0.5,3.0,0.5,0.5,3.0,0.5,0.0,3.0,0.0,0.0,0.0,0.0,3.5,3.5,4.0,0.0,0.0,0.0,0.0,0.0,0.0,0.0,0.0,0.0,0.5,0.5,0.0,0.0,0.0,0.0,3.5,3.0,1.0,0,0.0,0.0,0.0,0.0,0.0
Control,2,15,False,False,0.0,0.5,0.0,4.0,22.5,26.0,0,0,0.0,0.0,0.0,0.0,0.0,0.0,0.0,4.0,4.0,3.5,0.5,0.5,3.0,0.5,3.0,1.0,0.0,3.0,0.5,0.0,0.0,0.0,0.0,0.5,0.5,0.0,0.0,0.0,0.0,0.0,0.0,0.0,0.0,0.0,0.5,3.0,0.5,0.0,0.0,0.0,0.5,0.5,1.0,0,0.0,0.0,0.0,0.0,0.0
Control,2,16,False,False,0.0,0.0,0.0,9.0,28.5,16.0,0,0,0.0,0.0,0.0,0.0,0.0,0.0,0.0,2.5,2.0,3.5,0.5,0.5,0.5,0.0,3.0,0.5,0.0,7.5,0.0,0.0,0.0,0.0,0.0,0.5,3.5,0.0,0.0,0.0,0.0,0.0,0.0,0.0,0.0,0.0,0.5,3.0,0.0,0.0,0.0,0.0,3.5,0.0,0.0,0,0.0,0.0,0.0,0.0,0.0
Control,4,1,False,True,0.5,3.0,0.0,67.0,93.0,65.5,0,0,0.0,0.0,0.0,0.0,0.0,0.0,0.0,3.5,18.0,13.5,7.5,0.5,3.5,8.0,3.5,0.0,0.0,0.0,0.0,0.0,0.0,0.0,3.5,14.0,3.0,0.0,0.0,0.0,0.0,0.0,0.0,0.0,0.0,0.0,0.5,1.0,3.0,0.0,0.0,0.0,0.0,3.0,0.0,0,0.0,0.0,0.0,0.0,0.0
Control,4,2,False,False,0.0,0.0,0.5,16.5,44.5,35.0,0,0,0.0,0.0,0.0,0.0,0.0,0.0,0.0,6.5,15.0,1.5,0.5,1.0,1.5,0.5,3.0,0.5,0.0,0.0,0.0,0.0,0.0,0.0,1.0,2.0,1.0,0.0,0.0,0.0,0.0,0.0,0.0,0.0,0.0,0.0,0.5,0.5,0.5,0.0,0.0,0.0,7.5,6.0,0.0,0,0.0,0.0,0.0,0.0,0.0
Control,4,3,False,True,0.0,0.5,0.0,66.5,102.0,65.0,0,0,0.0,0.0,0.0,0.0,0.0,0.0,0.0,4.0,8.5,4.5,7.5,0.5,0.5,3.0,3.0,0.0,0.0,0.0,0.0,0.0,0.0,0.0,3.0,16.5,1.0,0.0,0.0,0.0,0.0,0.0,0.0,0.0,0.0,0.0,0.5,3.0,0.0,0.0,0.0,0.0,0.5,3.5,3.0,0,0.0,0.0,0.0,0.0,0.0
Control,4,4,False,True,0.0,0.5,0.0,26.5,63.5,45.5,0,0,0.0,0.0,0.0,0.0,0.0,0.0,0.0,3.0,8.0,27.5,0.0,3.5,0.5,0.0,0.0,0.0,0.0,0.0,0.0,0.0,0.5,0.0,8.0,9.0,1.5,0.0,0.0,0.0,0.0,0.0,0.0,0.0,0.0,0.0,0.5,0.5,0.5,0.0,0.5,0.0,3.0,4.5,0.5,0,0.0,0.0,0.0,0.0,0.0
Control,4,5,False,True,0.5,3.5,0.5,47.5,82.0,55.5,0,0,0.0,0.0,0.0,0.0,0.0,0.0,0.0,8.5,16.0,4.0,0.5,0.0,0.5,8.0,3.0,0.0,0.5,0.5,0.0,0.0,0.5,0.0,1.0,3.5,1.0,0.0,0.0,0.0,0.0,0.0,0.0,0.0,0.0,0.0,0.5,0.5,0.0,0.0,0.0,0.0,1.0,3.5,0.5,0,0.0,0.0,0.0,0.0,0.0
Control,4,6,False,True,0.0,0.5,0.0,46.5,53.0,76.5,0,0,0.0,0.0,0.0,0.0,0.0,0.0,0.0,2.5,13.0,2.0,0.5,3.0,0.0,3.0,3.0,0.0,0.5,1.0,0.0,0.0,0.0,0.0,1.0,6.5,3.5,0.0,0.0,0.0,0.0,0.0,0.0,0.0,0.0,0.0,0.5,3.5,0.5,0.0,0.0,0.0,0.5,2.0,3.0,0,0.0,0.0,0.0,0.0,0.0
Control,4,7,False,False,0.0,0.5,0.0,47.0,88.0,56.5,0,0,0.0,0.0,0.0,0.0,0.5,0.5,0.0,1.0,9.5,2.0,0.5,28.0,0.5,0.5,3.5,0.0,0.0,0.0,0.0,0.0,0.0,0.0,0.0,9.5,1.0,0.0,0.0,0.0,0.0,0.0,0.0,0.0,0.0,0.0,0.0,6.0,3.0,0.0,0.0,0.0,0.5,1.0,0.5,0,0.0,0.0,0.0,0.0,0.0
Control,4,8,False,False,0.5,0.0,0.0,46.5,49.0,56.0,0,0,0.0,0.0,0.0,0.0,0.0,0.0,0.0,2.0,4.0,1.0,0.5,0.5,1.0,3.0,3.0,0.0,0.0,0.5,0.0,0.0,0.0,0.0,1.0,3.5,1.5,0.0,0.0,0.0,0.0,0.0,0.0,0.0,0.0,0.0,0.5,3.0,0.0,0.0,0.0,0.0,3.0,1.0,0.5,0,0.0,0.0,0.0,0.0,0.0
Control,4,9,False,True,0.0,0.5,0.0,26.5,51.5,0.5,0,0,0.0,0.0,0.0,0.0,0.0,0.0,0.0,0.5,10.5,3.0,0.0,3.5,0.5,3.0,3.0,0.0,0.0,0.0,0.0,0.0,0.0,0.0,0.0,4.0,0.5,0.0,0.0,0.0,0.0,0.0,0.0,0.0,0.0,0.0,0.0,0.5,0.0,0.0,0.0,0.0,0.5,3.0,3.5,0,0.0,0.0,0.0,0.0,0.0
Control,4,10,False,True,0.0,0.0,0.5,27.0,48.0,45.0,0,0,0.0,0.0,0.0,0.0,0.0,0.0,0.0,2.5,7.5,1.5,0.5,25.5,0.5,1.0,1.0,0.0,0.0,0.0,0.0,0.0,0.0,0.0,0.5,11.0,3.5,0.0,0.0,0.0,0.0,0.0,0.0,0.0,0.0,0.0,0.5,6.0,0.0,0.0,0.0,0.0,0.5,4.5,1.0,0,0.0,0.0,0.0,0.0,0.0
Control,4,11,False,True,1.0,0.0,0.0,36.5,64.5,26.5,0,0,0.0,0.0,0.0,0.0,0.0,0.0,0.0,3.0,9.5,1.5,0.5,3.5,0.5,3.0,3.0,0.5,0.0,0.0,0.0,0.0,0.0,0.0,0.5,15.5,0.5,0.0,0.0,0.0,0.0,0.0,0.0,0.0,0.0,0.0,0.0,3.0,0.5,0.0,0.0,0.0,0.5,3.0,0.0,0,0.0,0.0,0.0,0.0,0.0
Control,4,12,False,False,0.0,0.5,0.0,36.0,52.0,1.0,0,0,0.0,0.0,0.0,0.0,0.0,0.0,0.0,1.0,11.5,4.0,0.5,6.0,0.5,0.5,0.0,0.0,0.5,3.0,3.0,0.0,0.0,0.0,0.5,1.5,1.0,0.0,0.0,0.0,0.0,0.0,0.0,0.0,0.5,0.0,0.0,7.5,0.5,0.0,0.0,0.0,1.0,1.5,1.0,0,0.0,0.0,0.0,3.0,0.0
Control,4,13,False,True,0.0,3.0,0.0,16.5,87.0,3.0,0,0,0.0,0.0,0.0,0.0,0.0,0.0,0.0,1.5,6.5,26.5,0.5,0.5,0.5,0.0,3.0,0.0,0.5,3.0,0.0,0.0,0.0,0.0,0.0,7.0,3.0,0.0,0.0,0.0,0.0,0.0,0.0,0.0,0.0,0.0,0.0,3.5,0.5,0.0,0.0,0.0,0.5,6.5,0.5,0,0.0,0.0,0.0,0.0,0.0
Control,4,14,False,True,0.0,3.0,0.0,16.5,71.5,25.0,0,0,0.0,0.0,0.0,0.0,0.0,0.5,0.0,2.0,15.0,3.0,0.5,7.5,0.5,0.0,0.0,0.0,0.0,0.0,0.0,0.5,0.0,3.0,1.0,12.5,1.0,0.0,0.0,0.0,0.0,0.0,0.0,0.0,0.0,0.0,0.5,6.0,0.5,0.0,0.0,0.0,0.5,4.5,1.0,0,0.0,0.0,0.0,0.0,0.0
Control,4,15,False,False,0.0,0.0,0.0,66.0,65.0,65.5,0,0,0.0,0.0,0.0,0.0,0.0,0.0,0.0,1.0,2.0,2.0,0.5,1.0,1.0,1.0,1.0,0.5,0.5,3.0,0.5,0.0,0.0,0.0,1.5,5.5,1.0,0.0,0.0,0.0,0.0,0.0,0.0,0.0,0.0,0.0,0.5,0.5,0.0,0.0,0.0,0.0,0.5,0.5,0.0,0,0.0,0.0,0.0,0.0,0.0
Control,4,16,False,True,0.0,0.5,0.0,25.5,37.0,35.5,0,0,0.0,0.0,0.0,0.0,0.0,0.0,0.0,2.0,13.5,2.0,0.5,3.5,3.0,0.0,0.0,0.0,0.0,0.0,0.0,0.0,0.0,0.0,1.0,10.0,1.0,0.0,0.0,0.0,0.0,0.0,0.0,0.0,0.0,0.0,0.0,3.5,0.0,0.0,0.0,0.0,3.0,6.0,0.0,0,0.0,0.0,0.0,0.0,0.0
Control,4,17,False,False,0.0,0.5,0.0,4.0,10.5,0.5,0,0,0.0,0.0,0.0,0.0,0.0,0.0,0.0,1.0,1.0,1.0,0.5,0.0,1.0,0.0,0.0,0.0,0.0,0.0,0.0,0.0,0.0,0.0,0.0,1.0,1.0,0.0,0.0,0.0,0.0,0.0,0.0,0.0,0.0,0.0,0.0,0.5,0.0,0.0,0.0,0.0,25.0,8.0,3.5,0,0.0,0.0,0.0,0.0,0.0
Control,4,18,False,False,0.0,0.0,0.0,36.5,35.5,25.5,0,0,0.0,0.0,0.0,0.0,0.0,0.0,0.0,5.0,8.0,3.0,0.5,0.5,0.5,0.0,0.5,0.5,0.0,0.0,0.0,0.0,0.0,0.0,0.0,0.5,1.0,0.0,0.0,0.0,0.0,0.0,0.0,0.0,0.0,0.0,0.5,3.0,0.5,0.0,0.0,0.0,3.5,6.0,0.5,0,0.0,0.0,0.5,0.5,0.5
Control,4,19,False,False,0.0,0.0,0.0,26.0,38.0,46.0,0,0,0.0,0.0,0.0,0.0,0.0,0.0,0.0,1.5,8.5,2.0,0.5,0.5,0.5,0.0,0.0,0.0,0.0,0.0,0.0,0.0,0.0,0.0,0.5,3.0,0.5,0.0,0.0,0.0,0.0,0.0,0.0,0.0,0.0,0.0,0.0,0.5,0.5,0.0,0.0,0.0,3.0,3.5,0.5,0,0.0,0.0,0.0,0.0,0.0
Control,4,20,False,False,0.0,0.0,0.0,1.5,28.0,18.5,0,0,0.0,0.0,0.0,0.0,0.0,0.0,0.0,1.5,5.0,1.5,0.5,0.5,0.5,0.0,0.0,0.0,0.0,0.0,0.0,0.0,0.0,0.0,3.0,3.5,4.0,0.0,0.0,0.0,0.0,0.0,0.0,0.0,0.0,0.0,0.5,3.0,0.5,0.0,0.0,0.0,7.5,8.0,0.5,0,0.0,0.5,0.0,0.0,0.0
Control,4,21,False,False,0.0,0.5,0.0,49.5,0.5,36.0,0,0,0.0,0.0,0.0,0.0,0.5,0.0,0.0,2.5,7.0,3.5,7.5,3.0,0.5,0.0,0.0,0.0,0.0,0.0,0.0,0.0,0.0,0.0,0.0,3.5,0.5,0.0,0.0,0.0,0.0,0.0,0.0,0.0,0.0,0.0,0.5,3.0,0.0,0.0,0.0,0.0,0.5,0.5,0.5,0,0.0,0.0,0.0,0.0,0.0
Control,4,22,False,False,0.0,0.0,0.0,38.0,39.0,26.0,0,0,0.0,0.0,0.0,0.0,0.0,0.0,0.0,5.5,5.5,3.0,0.0,0.5,0.5,0.5,3.0,0.5,0.0,0.0,0.0,0.0,0.0,0.0,0.5,3.5,1.0,0.0,0.0,0.0,0.0,0.0,0.0,0.0,0.0,0.0,0.5,0.0,0.5,0.0,0.0,0.0,7.5,3.0,3.0,0,0.0,0.0,0.0,0.0,0.0
Control,4,23,False,False,0.0,0.0,0.0,8.5,19.0,15.0,0,0,0.0,0.0,0.0,0.0,0.5,0.5,0.5,1.0,4.5,0.5,0.5,0.5,0.0,0.0,0.0,0.0,0.0,0.0,0.0,0.0,0.0,0.0,0.5,1.0,0.5,0.0,0.0,0.0,0.0,0.0,0.0,0.0,0.0,0.0,0.0,0.5,0.0,0.0,0.0,0.0,25.0,8.0,1.0,0,0.0,0.0,0.0,0.0,0.0
Control,4,24,False,False,0.0,0.0,0.0,15.5,28.5,15.5,0,0,0.0,0.0,0.0,0.0,0.0,0.0,0.0,1.0,3.0,1.5,0.0,0.0,0.0,0.5,0.0,0.0,0.5,0.5,0.0,0.0,0.0,0.0,0.5,4.0,1.0,0.0,0.0,0.0,0.0,0.0,0.0,0.0,0.0,0.0,0.0,0.0,0.0,0.0,0.0,0.0,0.5,3.0,0.5,0,0.0,0.0,0.0,0.0,0.0
Control,4,25,False,False,3.0,3.0,0.0,36.0,19.0,26.0,0,0,0.0,0.0,0.0,0.0,0.0,0.0,0.0,1.5,7.5,3.0,25.0,7.5,0.5,0.0,0.0,0.0,0.0,0.0,0.0,0.0,0.0,0.0,1.0,3.5,5.0,0.0,0.0,0.0,0.0,0.0,0.0,0.0,0.0,0.0,0.0,0.0,0.0,0.0,0.0,0.0,0.5,0.5,0.5,0,0.0,0.0,0.0,0.0,0.0
Control,4,26,False,False,0.5,3.0,0.0,26.0,35.5,36.0,0,0,0.0,0.0,0.0,0.0,0.0,0.0,0.0,3.0,9.5,3.0,3.0,0.5,3.0,0.5,0.0,0.5,0.0,0.0,0.0,0.0,0.0,0.0,0.5,0.5,1.5,0.0,0.0,0.0,0.0,0.0,0.0,0.0,0.0,0.0,0.5,0.5,0.0,0.0,0.0,0.0,3.5,3.0,3.0,0,0.0,0.0,0.0,0.0,0.0
Control,4,27,False,False,0.0,0.0,0.0,57.0,47.0,37.0,0,0,0.0,0.0,0.0,0.0,0.0,0.0,0.0,3.5,4.5,2.0,3.0,0.5,0.0,0.0,0.0,0.5,0.0,0.0,0.0,0.0,0.0,0.0,0.5,1.0,1.5,0.0,0.0,0.0,0.0,0.0,0.0,0.0,0.0,0.0,0.5,0.5,0.0,0.0,0.0,0.0,1.0,1.0,0.5,0,0.0,0.0,0.0,0.0,0.0
Control,4,28,False,False,0.0,0.0,0.0,17.0,25.5,25.0,0,0,0.0,0.0,0.0,0.0,0.0,0.0,0.0,0.0,2.0,2.0,0.5,0.5,0.5,0.0,0.0,0.0,0.0,0.0,0.0,0.0,0.0,0.0,0.0,0.5,0.5,0.0,0.0,0.0,0.0,0.0,0.0,0.0,0.0,0.0,0.5,3.0,0.0,0.0,0.0,0.0,0.5,1.0,1.0,0,0.0,0.0,0.0,0.0,0.0
Control,4,29,False,False,0.0,0.0,0.0,26.5,9.0,45.5,0,0,0.0,0.0,0.0,0.0,0.0,0.0,0.0,2.0,11.0,1.5,0.5,0.0,0.5,0.5,0.5,0.0,0.0,0.0,0.0,0.0,0.0,0.0,0.5,1.0,1.0,0.0,0.0,0.0,0.0,0.0,0.0,0.0,0.0,0.0,0.0,3.0,0.0,0.0,0.0,0.0,0.5,3.0,0.5,0,0.0,0.0,0.0,0.0,0.0
Control,4,30,False,False,0.0,0.0,0.0,16.0,19.0,25.5,0,0,0.0,0.0,0.0,0.0,0.0,0.0,0.0,1.5,5.5,2.5,0.5,0.5,0.5,0.0,0.0,0.0,0.0,0.0,0.0,0.0,0.0,0.0,0.0,1.0,1.5,0.0,0.0,0.0,0.0,0.0,0.0,0.0,0.0,0.0,0.0,15.0,0.0,0.0,0.0,0.0,25.0,0.5,3.5,0,0.0,0.0,0.0,0.0,0.0
Control,4,31,False,False,0.5,0.0,0.0,36.0,39.0,55.5,0,0,0.0,0.0,0.0,0.0,1.0,0.0,0.0,2.0,2.0,2.0,3.0,3.0,0.5,0.5,0.0,0.0,0.0,0.0,0.0,0.0,0.0,0.0,1.5,4.5,1.5,0.0,0.0,0.0,0.0,0.0,0.0,0.0,0.0,0.0,0.5,0.0,0.5,0.0,0.0,0.0,0.5,0.5,0.0,0,0.0,0.0,0.0,0.0,0.0
Control,4,32,False,False,0.5,0.0,0.0,46.5,0.0,1.0,0,0,0.0,0.0,0.0,0.0,0.0,0.0,0.0,2.0,0.0,1.0,0.5,0.0,3.0,3.5,0.0,0.5,0.0,0.0,0.0,0.0,0.0,0.0,0.5,0.0,0.5,0.0,0.0,0.0,0.0,0.0,0.0,0.0,0.0,0.0,0.5,0.0,0.0,0.0,0.0,0.0,0.5,0.0,1.0,0,0.0,0.0,0.0,0.0,0.0
Control,6,1,False,False,0.0,0.5,0.0,46.0,25.5,35.0,0,0,0.0,0.0,0.0,0.0,0.0,0.0,0.0,2.0,3.0,1.5,25.0,7.5,3.5,0.5,0.5,0.5,0.5,0.0,3.0,0.0,0.0,0.0,36.5,1.5,1.0,0.0,0.0,0.0,0.0,0.0,0.0,0.0,0.0,0.0,0.5,0.0,0.5,0.0,0.0,0.0,3.5,8.5,3.0,0,0.0,0.0,0.0,0.5,0.0
Control,6,2,False,False,0.5,0.5,0.5,26.0,25.5,45.0,0,0,0.0,0.0,0.0,0.0,0.0,0.0,0.0,5.5,4.5,4.5,15.0,15.0,0.5,0.5,1.0,0.0,0.5,3.0,3.0,0.0,0.0,0.0,16.5,3.5,4.0,0.0,0.0,0.0,0.0,0.0,0.0,0.0,0.5,0.0,0.0,0.0,0.5,0.0,0.0,0.0,4.0,0.5,3.5,0,0.0,0.0,0.0,0.5,0.0
Control,6,3,False,False,3.0,0.5,0.5,75.5,65.5,76.0,0,0,0.0,0.0,0.0,0.0,0.5,0.0,0.5,2.0,2.5,5.0,15.0,7.5,3.5,1.0,1.0,0.0,3.0,3.0,0.0,0.0,0.0,0.0,25.5,6.0,1.0,0.0,0.0,0.0,0.0,0.0,0.0,0.0,0.5,0.0,0.0,0.0,0.5,0.0,0.0,0.0,0.0,1.0,0.5,0,0.0,0.0,0.0,0.0,0.0
Control,6,4,False,False,0.5,0.5,0.0,76.0,72.5,75.0,0,0,0.0,0.0,0.0,0.0,0.0,0.0,0.0,0.5,5.0,7.5,15.0,3.0,1.0,15.5,6.0,1.0,7.5,7.5,3.0,0.0,0.0,0.0,15.5,11.0,1.0,0.0,0.0,0.0,0.0,0.0,0.0,0.0,0.5,0.0,0.5,0.0,0.5,0.0,0.0,0.0,0.0,0.5,1.5,0,0.0,0.0,0.0,0.0,0.0
Control,6,5,False,False,0.5,0.0,0.5,25.5,15.5,35.5,0,0,0.0,0.0,0.0,0.0,3.0,0.0,0.0,6.0,13.0,3.5,25.0,7.5,0.5,10.5,1.0,1.0,7.5,7.5,25.0,0.0,0.0,0.5,1.0,6.5,2.0,0.0,0.0,0.0,0.0,0.0,0.0,0.0,3.0,0.0,0.5,0.0,0.5,0.0,0.0,0.0,8.0,1.0,3.5,0,0.0,0.0,0.0,0.0,0.0
Control,6,6,False,False,0.0,0.5,0.0,26.0,25.0,36.0,0,0,0.0,0.0,0.0,0.0,0.0,0.0,0.0,10.5,20.0,1.5,35.0,3.0,3.0,3.5,3.5,0.5,3.0,0.5,0.5,0.0,0.0,0.5,1.0,6.0,4.5,0.0,0.0,0.0,0.0,0.0,0.0,0.0,0.0,0.0,3.0,0.0,3.0,0.0,0.0,0.0,16.5,3.5,0.5,0,0.0,0.0,0.0,0.0,0.0
Control,6,7,False,False,0.0,0.0,0.0,15.5,3.0,15.5,0,0,0.0,0.0,0.0,0.0,0.5,0.5,0.5,3.0,5.0,7.0,0.5,3.0,0.0,3.5,0.5,1.5,3.0,3.0,3.0,0.0,0.0,0.0,1.0,3.0,1.0,0.0,0.0,0.0,0.0,0.0,0.0,0.0,0.5,0.0,0.5,3.0,0.5,0.0,0.0,0.0,3.5,3.0,1.5,0,0.0,0.0,0.0,0.5,0.0
Control,6,8,False,False,0.0,0.0,0.5,36.0,25.5,46.0,0,0,0.0,0.0,0.0,0.0,7.5,0.0,0.5,8.5,16.0,7.0,15.0,3.0,0.5,6.0,6.0,1.5,15.0,7.5,7.5,0.0,0.0,0.5,7.0,3.5,1.0,0.0,0.0,0.0,0.0,0.0,0.0,0.0,0.0,0.0,0.0,0.0,0.5,0.0,0.0,0.0,7.5,1.0,0.5,0,0.0,0.0,0.0,0.0,0.0
Control,6,9,False,False,0.0,0.5,0.0,1.0,0.5,65.5,0,0,0.0,0.0,0.0,0.0,0.0,0.5,0.0,1.0,66.5,2.5,15.0,3.0,1.0,3.0,0.5,1.0,0.5,3.0,3.0,0.0,0.0,0.0,28.0,3.5,1.0,0.0,0.0,0.0,0.0,0.0,0.0,0.0,0.0,0.0,0.0,0.0,0.5,0.0,0.0,0.0,8.0,0.0,0.0,0,0.0,0.0,0.0,0.0,0.0
Control,6,10,False,False,0.0,0.0,0.0,65.5,16.0,26.5,0,0,0.0,0.0,0.0,0.0,0.0,0.0,0.0,2.0,8.0,2.5,25.0,25.0,3.0,3.0,0.5,0.5,3.0,3.0,3.0,0.0,0.0,0.0,7.5,35.0,0.5,0.0,0.0,0.0,0.0,0.0,0.0,0.0,0.0,0.0,3.0,0.0,0.5,0.0,0.0,0.0,25.0,7.5,3.0,0,0.0,0.0,0.0,0.0,0.0
Control,6,11,False,False,0.0,0.0,0.0,5.0,45.5,46.0,0,0,0.0,0.0,0.0,0.0,0.0,0.0,0.0,4.0,5.5,3.5,25.0,3.0,7.5,3.5,0.5,0.0,3.0,0.5,0.0,0.0,0.0,0.0,3.5,3.0,0.5,0.0,0.0,0.0,0.0,0.0,0.0,0.0,0.5,0.0,0.5,3.0,0.0,0.0,0.0,0.0,3.5,1.0,3.5,0,0.0,0.0,0.0,0.0,0.0
Control,6,12,False,False,0.0,0.0,0.0,55.5,65.0,55.5,0,0,0.0,0.0,0.0,0.0,0.0,0.0,0.0,2.0,5.0,1.5,0.5,0.5,3.0,0.0,3.0,0.0,3.0,3.0,0.5,0.0,0.0,0.0,1.0,3.5,1.5,0.0,0.0,0.0,0.0,0.0,0.0,0.0,0.0,0.0,0.5,0.0,0.5,0.0,0.0,0.0,3.5,1.0,1.0,0,0.0,0.0,0.0,0.0,0.0
Control,6,13,False,False,0.0,0.0,0.0,16.5,28.5,25.0,0,0,0.0,0.0,0.0,0.0,0.0,3.0,0.0,3.0,4.5,1.0,3.0,3.0,1.0,1.0,0.5,3.0,0.0,0.0,0.0,0.0,0.0,0.0,1.0,9.0,1.0,0.0,0.0,0.0,0.0,0.0,0.0,0.0,0.0,0.0,0.5,0.0,0.5,0.0,0.0,0.0,7.5,3.5,3.0,0,0.0,0.0,0.0,0.0,0.0
Control,6,14,False,False,0.0,0.0,0.0,1.0,3.5,3.5,0,0,0.0,0.0,0.0,0.0,3.5,0.0,0.0,2.5,8.5,1.0,35.0,0.0,3.5,1.0,3.0,0.5,0.0,0.0,0.0,0.0,0.0,0.0,8.0,10.5,1.0,0.0,0.0,0.0,0.5,0.0,0.0,0.0,0.0,0.0,0.5,0.0,0.0,0.0,0.0,0.0,1.5,8.5,3.5,0,0.0,0.0,0.0,0.0,0.0
Control,6,15,False,False,0.0,0.0,0.0,8.5,8.0,26.5,0,0,0.0,0.0,0.0,0.0,1.0,1.0,0.0,2.5,5.0,2.0,0.0,3.0,0.5,1.0,3.0,0.5,0.0,0.0,0.0,0.0,0.0,0.0,1.0,6.0,4.0,0.0,0.0,0.0,0.0,0.0,0.0,0.0,0.5,0.0,0.5,3.0,0.5,0.0,0.0,0.0,25.5,8.0,3.5,0,0.0,0.0,0.0,0.0,0.0
Control,6,16,False,False,0.0,0.0,0.0,1.5,0.0,0.5,0,0,0.0,0.0,0.0,0.0,1.0,0.0,0.5,2.0,1.5,1.0,3.0,0.5,0.5,0.0,0.5,0.0,0.0,0.0,0.0,0.0,0.0,0.0,0.5,0.0,0.5,0.0,0.0,0.0,0.0,0.0,0.0,0.0,0.0,0.0,0.0,0.0,0.0,0.0,0.0,0.0,3.0,0.5,3.5,0,0.0,0.0,0.0,0.0,0.0
Control,11,1,False,False,0.0,0.0,0.0,1.0,2.0,3.5,0,0,0.0,0.0,0.0,0.0,0.0,0.0,0.0,2.5,6.0,3.5,0.5,0.5,0.5,0.0,0.0,0.0,0.0,0.0,0.0,0.0,0.0,0.0,1.5,1.0,4.0,0.0,0.0,0.0,0.0,0.0,0.0,0.0,0.0,0.0,0.5,3.0,0.0,0.0,0.0,0.0,15.0,3.5,7.5,0,0.0,0.0,0.0,0.0,0.0
Control,11,2,False,False,0.0,0.0,0.0,1.5,1.0,0.5,0,0,0.0,0.0,0.0,0.0,0.5,0.0,0.0,2.5,7.0,7.0,0.5,0.5,0.5,0.0,0.0,0.0,0.0,0.0,0.0,0.0,0.0,0.0,8.0,3.0,3.5,0.0,0.0,0.0,0.0,0.0,0.0,0.0,0.0,0.0,0.5,0.5,0.0,0.0,0.0,0.0,8.5,3.5,1.0,0,0.0,0.0,0.0,0.0,0.0
Control,11,3,False,False,0.0,0.0,0.0,1.0,0.0,0.5,0,0,0.0,0.0,0.0,0.0,0.0,0.0,0.0,6.0,6.0,6.5,3.0,3.0,0.5,0.0,0.0,0.0,0.0,0.0,0.0,0.0,0.0,0.0,3.5,15.5,3.5,0.5,0.0,0.0,0.0,0.0,0.0,0.0,0.0,0.0,3.0,0.5,0.5,0.0,0.0,0.0,6.0,3.5,4.0,0,0.0,0.0,0.0,0.0,0.0
Control,11,4,False,False,0.0,0.0,0.0,1.0,1.5,5.0,0,0,0.0,0.0,0.0,0.0,7.5,3.0,0.0,6.0,7.0,6.0,35.0,7.5,3.0,0.5,0.0,3.0,0.0,0.0,0.0,0.0,0.0,0.0,3.5,3.5,1.0,0.0,0.0,0.0,0.0,0.0,0.0,0.0,0.0,0.0,0.5,0.5,0.5,0.0,0.0,0.0,25.5,3.5,1.0,0,0.0,0.0,0.0,0.0,0.0
Control,11,5,False,False,0.0,0.0,0.0,1.5,1.0,0.5,0,0,0.0,0.0,0.0,0.0,0.0,0.0,0.0,5.0,3.0,2.0,7.5,3.0,0.5,0.0,0.0,0.5,0.0,0.0,0.0,0.0,0.0,0.0,55.0,35.0,1.0,0.0,0.0,0.5,0.0,0.0,0.0,0.0,0.0,0.0,0.5,0.5,0.0,0.0,0.0,0.0,25.5,1.0,1.5,0,0.0,0.0,0.0,0.0,0.0
Control,11,6,False,False,0.0,0.0,0.0,0.5,1.5,4.5,0,0,0.0,0.0,0.0,0.0,0.0,0.0,0.0,4.0,6.5,5.0,3.0,0.5,0.5,0.0,0.5,55.0,0.0,0.0,0.0,0.0,0.0,0.0,3.5,3.0,0.5,0.0,0.0,0.0,0.0,0.0,0.0,0.0,0.0,0.0,0.0,0.5,0.0,0.0,0.0,0.0,55.0,15.0,4.0,0,0.0,0.0,0.0,0.0,0.0
Control,11,7,False,False,0.0,0.0,0.5,0.0,1.0,0.0,0,0,0.0,0.0,0.0,0.0,0.0,0.0,0.0,2.5,2.5,3.5,3.0,3.0,3.0,0.0,0.0,0.5,0.0,0.0,0.0,0.0,0.0,0.0,75.0,55.0,0.0,0.0,0.0,0.5,0.0,0.0,0.0,0.0,0.0,0.0,0.5,0.5,0.5,0.0,0.0,0.0,8.0,6.0,4.0,0,0.0,0.0,0.0,0.0,0.0
Control,11,8,False,False,0.0,0.0,0.0,1.0,1.5,0.5,0,0,0.0,0.0,0.0,0.0,0.0,0.0,0.0,2.5,2.0,3.5,15.0,0.5,0.5,0.0,0.0,0.0,0.0,0.0,0.0,0.0,0.0,0.0,1.5,7.5,3.5,0.0,0.0,0.0,0.0,0.0,0.0,0.0,0.0,0.0,3.0,3.0,0.5,0.0,0.0,0.0,15.5,3.5,1.5,0,0.0,0.0,0.0,0.0,0.0
Control,11,9,False,False,0.0,0.0,0.0,16.5,26.0,26.0,0,0,0.0,0.0,0.0,0.0,1.0,0.5,0.5,5.0,2.5,3.0,3.0,0.5,0.5,3.0,3.0,3.5,0.0,0.0,0.0,0.0,0.0,0.0,3.5,15.5,1.0,0.0,0.0,0.0,0.0,0.0,0.0,0.5,0.0,0.0,0.0,0.0,0.0,0.0,0.0,0.0,15.0,3.5,3.5,0,0.0,0.0,0.0,0.0,0.0
Control,11,10,False,False,0.0,0.0,0.0,0.5,1.0,1.0,0,0,0.0,0.0,0.0,0.0,25.0,7.5,0.0,5.5,3.5,2.5,7.5,3.0,3.0,0.0,0.0,3.0,0.0,0.0,0.0,0.0,0.0,0.0,0.5,3.0,0.5,0.5,0.0,0.0,0.0,0.0,0.0,0.5,0.0,0.5,0.5,0.5,0.0,0.0,0.0,0.0,8.0,3.5,1.0,0,0.0,0.0,0.0,0.0,0.0
Control,11,11,False,False,0.0,0.0,0.0,1.5,1.0,2.0,0,0,0.0,0.0,0.0,0.0,0.0,0.5,0.0,9.0,8.5,3.5,65.0,3.0,3.0,3.0,3.0,0.5,0.0,0.0,0.0,0.0,0.0,0.0,3.0,3.0,1.5,0.0,0.0,0.0,0.0,0.0,0.0,0.5,0.0,0.5,0.5,0.5,0.0,0.0,0.0,0.0,28.0,1.0,2.5,0,0.0,0.0,0.0,0.0,0.0
Control,11,12,False,False,0.0,0.0,0.0,1.0,0.5,1.5,0,0,0.0,0.0,0.0,0.0,1.0,0.0,0.0,5.5,4.5,2.5,25.0,0.0,7.5,3.0,0.0,1.0,0.0,0.0,0.0,0.0,0.0,0.0,25.5,0.0,0.5,0.0,0.0,0.0,0.0,0.0,0.0,0.0,0.0,0.0,0.5,0.5,0.0,0.0,0.0,0.0,35.5,1.0,3.5,0,0.0,0.0,0.0,0.0,0.0
Control,11,13,False,False,0.0,0.0,0.0,25.0,25.5,37.0,0,0,0.0,0.0,0.0,0.0,0.0,0.0,0.0,2.0,6.5,4.5,7.5,0.5,0.5,0.0,0.0,0.0,0.0,0.0,0.0,0.0,0.0,0.0,15.5,3.0,1.5,0.0,0.0,0.0,0.0,0.0,0.0,0.0,0.0,0.0,0.5,0.5,0.0,0.0,0.0,0.0,26.5,1.0,2.0,0,0.0,0.0,0.0,0.0,0.0
Control,11,14,False,False,0.0,0.0,0.0,16.5,15.5,25.5,0,0,0.0,0.0,0.0,0.0,0.0,0.0,0.0,4.5,6.0,2.5,0.0,0.5,0.5,0.0,0.5,0.5,0.0,0.0,0.0,0.0,0.0,0.0,4.0,3.0,1.0,0.0,0.0,0.0,0.0,0.0,0.0,0.0,0.0,0.0,0.5,3.0,0.0,0.0,0.0,0.0,0.5,3.5,3.5,0,0.0,0.0,0.0,0.0,0.0
Control,11,15,False,False,0.0,0.0,0.0,1.0,0.0,35.5,0,0,0.0,0.0,0.0,0.0,0.0,0.0,0.0,6.0,3.5,5.0,7.5,0.5,3.5,0.0,0.0,0.0,0.0,0.0,0.0,0.0,0.0,0.0,3.5,3.0,1.5,0.5,0.0,0.0,0.0,0.0,0.0,0.0,0.0,0.0,0.5,0.5,0.0,0.0,0.0,0.0,25.5,3.5,4.5,0,0.0,0.0,0.0,0.0,0.0
Control,11,16,False,False,0.0,0.0,0.0,35.5,38.5,63.0,0,0,0.0,0.0,0.0,0.0,0.5,0.0,0.0,2.5,6.5,8.5,0.5,0.5,0.5,0.5,0.5,3.0,0.0,0.0,0.0,0.0,0.0,0.0,1.5,1.0,1.5,0.0,0.0,0.0,0.0,0.0,0.0,0.0,0.0,0.0,0.0,3.0,0.5,0.0,0.0,0.0,0.0,4.0,0.5,0,0.0,0.0,0.0,0.0,0.0
Control,11,17,False,False,0.0,0.0,0.0,1.5,3.0,0.5,0,0,0.0,0.0,0.0,0.0,45.0,3.0,3.0,4.5,4.5,5.0,3.0,0.5,3.0,0.0,0.5,0.5,0.0,0.0,0.0,0.0,0.0,0.0,36.0,35.0,0.5,0.5,0.0,0.0,0.0,0.0,0.0,0.0,0.0,0.0,0.0,0.0,0.0,0.0,0.0,0.0,8.0,1.5,4.5,0,0.0,0.0,0.0,0.0,0.0
Control,11,18,False,False,0.0,0.0,0.5,0.5,1.0,1.0,0,0,0.0,0.0,0.0,0.0,0.5,0.0,0.0,4.0,10.5,9.0,15.0,7.5,3.0,0.0,0.0,0.0,0.0,0.0,0.0,0.0,0.0,0.0,86.5,35.5,1.5,0.0,0.0,0.0,0.0,0.0,0.0,0.0,0.0,0.5,0.0,3.0,0.0,0.0,0.0,0.0,8.5,4.5,1.5,0,0.0,0.0,0.0,0.0,0.0
Control,11,19,False,False,0.0,0.0,0.0,0.5,1.0,0.5,0,0,0.0,0.0,0.0,0.0,0.5,0.5,0.0,4.5,9.0,3.5,3.0,3.0,0.0,3.0,0.0,0.0,0.0,0.0,0.0,0.0,0.0,0.0,4.0,0.5,1.0,0.5,0.0,0.0,0.0,0.0,0.0,0.0,0.0,0.0,0.0,0.0,0.0,0.0,0.0,0.0,3.5,1.0,0.5,0,0.0,0.0,0.0,0.0,0.0
Control,11,20,False,False,0.0,0.0,0.0,0.0,0.5,1.0,0,0,0.0,0.0,0.0,0.0,0.5,0.0,0.0,5.0,8.0,2.0,3.0,3.0,3.0,0.0,0.0,0.0,0.0,0.0,0.0,0.0,0.0,0.0,4.0,7.5,8.5,0.0,0.0,0.0,0.0,0.0,0.0,0.0,0.0,0.0,0.5,3.0,0.0,0.0,0.0,0.0,8.0,7.5,4.0,0,0.0,0.0,0.0,0.0,0.0
Control,11,21,False,False,0.0,0.0,0.0,0.5,1.0,0.0,0,0,0.0,0.0,0.0,0.0,0.0,0.0,0.0,5.5,10.5,6.0,3.0,0.5,0.5,0.0,0.0,0.0,0.0,0.0,0.0,0.0,0.0,0.0,1.0,3.5,0.0,0.0,0.0,0.0,0.0,0.0,0.0,0.0,0.0,0.0,0.0,0.5,0.0,0.0,0.0,0.0,35.5,25.0,8.0,0,0.0,0.0,0.0,0.0,0.0
Control,11,22,False,False,0.0,0.5,0.0,2.0,3.5,0.5,0,0,0.0,0.0,0.0,0.0,0.5,0.0,0.0,5.0,14.5,20.0,15.0,3.0,0.5,0.0,0.0,0.0,0.0,0.0,0.0,0.0,0.0,0.0,1.0,6.0,1.0,0.0,0.0,0.0,0.0,0.0,0.0,0.0,0.0,0.0,0.5,0.0,0.0,0.0,0.0,0.0,15.0,8.0,4.0,0,0.0,0.0,0.0,0.0,0.0
Control,11,23,False,False,0.0,0.0,0.0,16.0,16.0,16.0,0,0,0.0,0.0,0.0,0.0,0.0,0.0,0.0,6.5,29.0,17.5,3.0,3.0,0.5,0.0,0.0,0.0,0.0,0.0,0.0,0.0,0.0,0.0,0.5,1.0,0.5,0.0,0.0,0.0,0.0,0.0,0.0,0.0,0.0,0.0,0.5,3.0,0.0,0.0,0.0,0.0,8.0,8.0,0.5,0,0.0,0.0,0.0,0.0,0.0
Control,11,24,False,False,0.5,0.5,0.0,0.5,49.5,0.5,0,0,0.0,0.0,0.0,0.0,0.5,0.0,0.0,4.0,20.0,4.0,25.0,0.5,7.5,3.0,3.0,6.0,0.0,0.0,0.0,0.0,0.0,0.0,3.5,8.0,1.0,0.0,0.0,0.0,0.0,0.0,0.0,0.0,0.0,0.0,0.0,3.0,0.0,0.0,0.0,0.0,7.5,3.5,7.5,0,0.0,0.0,0.0,0.0,0.0
Control,11,25,False,False,0.0,0.5,0.0,46.5,49.0,35.5,0,0,0.0,0.0,0.0,0.0,0.0,0.0,0.0,5.0,10.5,4.0,15.0,7.5,0.0,3.0,3.0,1.0,0.0,0.0,0.0,0.0,0.0,0.0,9.0,1.0,1.0,0.0,0.0,0.0,0.0,0.0,0.0,0.0,0.0,0.0,0.5,0.0,0.0,0.0,0.5,0.0,0.5,0.5,8.0,0,0.0,0.0,0.0,0.0,0.0
Control,11,26,False,False,0.0,0.0,0.0,1.5,6.5,3.0,0,0,0.0,0.0,0.0,0.0,15.0,3.0,0.0,3.0,16.5,10.5,0.5,0.5,0.5,3.0,3.0,0.5,0.0,0.0,0.0,0.0,0.0,0.0,25.5,4.0,1.5,0.0,0.0,0.0,0.0,0.0,0.0,0.0,0.0,0.0,0.5,0.5,0.0,0.0,0.0,0.0,3.5,3.0,0.5,0,0.0,0.0,0.0,0.0,0.0
Control,11,27,False,False,0.0,3.0,0.0,1.5,6.5,4.0,0,0,0.0,0.0,0.0,0.0,0.0,0.0,0.0,5.0,9.0,2.0,25.0,3.0,0.5,0.0,0.0,0.5,0.0,0.0,0.0,0.0,0.0,0.0,1.5,3.0,0.0,0.0,0.0,0.0,0.0,0.0,0.0,0.0,0.0,0.0,0.5,3.0,0.0,0.0,0.0,0.0,15.0,3.0,8.0,0,0.0,0.0,0.0,0.0,0.0
Control,11,28,False,False,0.0,0.0,0.0,46.5,46.0,46.0,0,0,0.0,0.0,0.0,0.0,0.5,3.0,0.0,3.5,10.5,8.5,0.5,0.5,3.5,0.0,7.5,0.5,0.0,0.0,0.0,0.0,0.0,0.0,8.0,3.0,4.0,0.0,0.0,0.0,0.0,0.0,0.0,0.5,0.0,0.0,0.0,3.0,0.5,0.0,0.0,0.0,0.5,0.5,0.0,0,0.0,0.0,0.0,0.0,0.0
Control,11,29,False,False,0.0,0.0,0.0,0.5,0.5,0.5,0,0,0.0,0.0,0.0,0.0,7.5,15.0,0.0,3.5,11.0,5.0,3.0,0.5,3.0,0.0,0.0,25.0,0.0,0.0,0.0,0.0,0.0,0.0,4.5,7.5,1.5,0.0,0.0,0.5,3.0,15.0,25.0,0.0,0.0,0.0,0.5,3.0,0.0,0.0,0.0,0.0,8.0,10.5,16.0,0,0.0,0.0,0.0,0.0,0.0
Control,11,30,False,False,0.0,0.5,0.5,0.5,1.0,0.5,0,0,0.0,0.0,0.0,0.0,0.5,0.0,0.0,1.5,11.5,5.0,15.0,3.0,0.5,0.0,0.0,0.0,0.0,0.0,0.0,0.0,0.0,0.0,46.0,3.5,1.0,0.0,0.0,0.0,0.0,0.0,0.0,0.0,0.0,0.0,0.0,0.5,0.5,0.0,0.0,0.0,1.0,0.5,1.0,0,0.0,0.0,0.0,0.0,0.0
Control,11,31,False,False,0.0,0.0,0.0,1.5,4.0,3.5,0,0,0.0,0.0,0.0,0.0,0.5,0.5,0.0,5.5,8.5,6.0,3.0,3.0,0.5,0.0,0.0,0.5,0.0,0.0,0.0,0.0,0.0,0.0,3.5,3.5,0.5,0.0,0.0,0.0,0.0,0.0,0.0,0.0,0.0,0.0,0.5,3.0,0.0,0.0,0.0,0.0,3.5,3.5,1.0,0,0.0,0.0,0.0,0.0,0.0
Control,11,32,False,False,0.0,0.5,0.0,1.0,3.5,1.5,0,0,0.0,0.0,0.0,0.0,0.5,0.0,0.0,6.0,22.0,18.0,15.0,0.0,3.0,0.5,0.5,0.0,0.0,0.0,0.0,0.0,0.0,0.0,1.5,3.0,0.5,0.0,0.0,0.0,0.0,0.0,0.0,0.0,0.0,0.0,0.0,0.0,0.0,0.0,0.0,0.0,15.5,6.5,0.5,0,0.0,0.0,0.0,0.0,0.0
Gap,1,1,False,False,0.0,0.0,0.0,26.0,39.0,26.5,0,0,0.0,0.0,0.0,0.0,0.0,3.0,0.0,1.5,3.5,8.0,0.5,0.0,0.5,0.0,0.0,0.5,0.5,0.0,0.5,0.0,0.0,0.0,3.5,1.0,6.0,0.0,0.0,0.0,0.0,0.0,0.0,0.0,0.0,0.0,3.0,0.5,0.5,0.0,0.0,0.0,3.0,3.5,3.5,0,0.0,0.0,0.0,0.0,0.0
Gap,1,2,False,True,0.0,0.0,0.5,16.0,28.5,38.5,0,0,0.0,0.0,0.0,0.0,7.5,3.0,0.0,6.0,6.5,2.5,0.0,3.0,0.5,0.0,0.0,3.5,0.0,3.0,3.0,0.0,0.0,0.0,3.5,15.0,6.5,0.0,0.0,0.0,0.0,0.0,0.0,0.0,0.0,0.0,0.5,3.0,3.0,0.0,0.0,0.0,0.5,3.5,1.0,0,0.0,0.0,0.0,0.0,0.0
Gap,1,3,False,True,0.5,0.0,0.5,26.5,36.0,47.0,0,0,0.0,0.0,0.0,0.0,0.0,3.0,0.0,6.0,11.0,3.0,3.0,0.0,0.0,3.0,7.5,1.0,7.5,3.0,3.0,0.0,0.0,0.0,8.0,3.0,4.0,0.0,0.0,0.0,0.0,0.0,0.0,0.0,0.0,0.0,0.5,3.0,0.5,0.0,0.0,0.0,0.5,3.5,7.0,0,0.0,0.0,0.0,0.0,0.0
Gap,1,4,False,True,0.0,0.0,0.0,47.0,52.5,68.0,0,0,0.0,0.0,0.0,0.0,0.0,0.0,0.0,1.5,6.0,5.5,0.5,0.5,0.5,0.0,3.0,0.0,0.0,0.0,0.0,0.0,0.0,0.0,0.5,3.5,4.0,0.0,0.0,0.0,0.0,0.0,0.0,0.0,0.0,0.0,0.0,3.0,3.0,0.0,0.0,0.0,3.0,1.5,0.5,0,0.0,0.0,0.0,0.0,0.0
Gap,1,5,False,True,0.0,0.0,0.0,4.0,8.0,18.0,0,0,0.0,0.0,0.0,0.0,0.5,0.0,0.0,6.0,12.5,2.5,0.5,3.0,0.5,0.0,0.0,3.0,0.0,0.0,0.0,0.0,0.0,0.0,0.5,3.0,9.0,0.0,0.0,0.0,0.0,0.0,0.0,0.0,0.0,0.0,3.0,7.5,3.0,0.0,0.0,0.0,25.5,11.0,4.0,0,0.0,0.0,0.0,0.0,0.0
Gap,1,6,False,False,0.0,0.0,0.0,46.5,35.5,48.5,0,0,0.0,0.0,0.0,0.0,0.0,0.0,0.0,3.5,2.5,2.5,3.0,3.0,3.0,0.0,0.5,0.0,0.5,3.0,15.0,0.0,0.0,0.0,1.0,0.5,6.0,0.0,0.0,0.0,0.0,0.0,0.0,0.0,0.0,0.0,0.0,0.0,0.0,0.0,0.0,0.0,15.5,1.0,0.0,0,0.0,0.0,0.0,0.0,0.0
Gap,1,7,False,False,0.0,0.0,0.0,25.5,16.0,25.5,0,0,0.0,0.0,0.0,0.0,0.0,0.0,0.0,2.0,1.0,5.5,3.0,3.0,3.0,0.0,0.0,0.5,0.0,0.0,0.0,0.0,0.0,0.0,1.0,3.0,6.5,0.0,0.0,0.0,0.0,0.0,0.0,0.0,0.0,0.0,0.5,0.5,0.0,0.0,0.0,0.0,0.5,8.0,3.5,0,0.0,0.0,0.0,0.0,0.0
Gap,1,8,False,False,0.0,0.0,0.0,27.0,31.5,27.0,0,0,0.0,0.0,0.0,0.0,0.0,0.0,0.5,2.5,12.5,4.0,15.0,7.5,3.0,0.0,0.0,0.5,0.0,0.0,0.0,0.0,0.0,0.0,0.5,0.0,1.0,0.0,0.0,0.0,0.0,0.0,0.0,0.0,0.0,0.0,0.0,0.5,3.0,0.0,0.0,0.0,15.0,6.0,0.0,0,0.0,0.0,0.0,0.0,0.0
Gap,1,9,False,True,0.5,0.5,0.0,26.5,8.5,26.0,0,0,0.0,0.0,0.0,0.0,0.0,0.0,0.0,1.5,38.5,9.0,0.5,3.0,3.0,0.0,7.5,1.5,0.0,0.0,0.0,0.0,0.0,0.0,8.0,15.0,4.5,0.0,0.0,0.0,0.0,0.0,0.5,0.0,0.0,0.0,0.0,3.0,0.5,0.0,0.0,0.0,15.5,3.5,4.0,0,0.0,0.0,0.0,0.0,0.5
Gap,1,10,False,False,0.5,0.0,0.5,56.5,49.5,59.5,0,0,0.0,0.0,0.0,0.0,0.0,0.0,0.0,5.5,5.0,9.0,0.5,0.5,0.5,15.0,3.0,0.0,0.0,0.0,0.0,0.0,0.0,0.0,8.0,3.5,7.0,0.0,0.0,0.0,0.0,0.0,0.0,0.0,0.0,0.0,0.0,3.0,3.0,0.0,0.0,0.0,3.0,1.0,3.5,0,0.0,0.0,0.0,0.0,0.0
Gap,1,11,False,False,0.0,0.0,0.0,26.0,16.5,37.5,0,0,0.0,0.0,0.0,0.0,0.0,0.0,0.0,1.5,11.5,4.0,0.5,0.5,0.5,15.0,3.0,0.0,0.0,0.0,0.0,0.0,0.0,0.0,0.5,3.0,3.5,0.0,0.0,0.0,0.0,0.0,0.0,0.0,0.0,0.0,0.5,0.5,3.0,0.0,0.0,0.0,0.5,0.5,0.5,0,0.0,0.0,0.0,0.0,0.0
Gap,1,12,False,False,0.0,0.0,0.0,55.5,56.0,35.5,0,0,0.0,0.0,0.0,0.0,0.0,0.5,0.0,4.5,1.0,6.0,0.5,0.0,1.0,3.0,3.0,1.0,0.0,3.0,0.5,0.0,0.0,0.0,3.0,3.0,0.5,0.0,0.0,0.0,0.0,0.0,0.0,0.0,0.0,0.0,0.5,0.0,0.5,0.0,0.0,0.0,0.0,0.0,6.5,0,0.0,0.0,0.0,0.0,0.0
Gap,1,13,False,True,0.0,0.0,0.0,25.5,38.5,47.0,0,0,0.0,0.0,0.0,0.0,0.5,0.0,0.0,2.0,0.5,5.0,3.0,0.0,0.5,3.5,3.5,0.5,0.5,0.0,0.0,0.0,0.0,0.0,1.0,1.0,4.0,0.0,0.0,0.0,0.0,0.0,0.0,0.0,0.0,0.0,0.0,0.5,0.0,0.0,0.0,0.0,1.0,6.0,1.0,0,0.0,0.0,0.0,0.0,0.0
Gap,1,14,False,False,0.0,0.0,0.0,35.5,45.5,0.0,0,0,0.0,0.0,0.0,0.0,0.5,0.0,0.0,1.0,0.0,35.5,3.0,3.0,0.5,1.0,3.5,0.5,0.0,0.5,0.0,0.0,0.0,0.0,7.5,0.5,1.5,0.0,0.0,0.0,0.0,0.0,0.0,0.0,0.0,0.0,0.5,0.0,0.0,0.0,0.0,0.0,0.5,3.0,3.5,0,0.0,0.0,0.0,0.0,0.0
Gap,1,15,False,False,0.5,0.0,0.5,46.5,49.0,57.5,0,0,0.0,0.0,0.0,0.0,0.0,0.0,0.0,5.5,10.5,3.5,3.0,3.0,0.5,3.5,0.5,0.5,0.0,0.0,0.0,0.0,0.0,0.0,3.5,0.5,3.0,0.0,0.0,0.0,0.0,0.0,0.0,0.5,0.0,0.0,0.5,3.0,3.0,0.0,0.0,0.0,3.0,6.5,1.5,0,0.0,0.0,0.0,0.0,0.5
Gap,1,16,False,False,0.0,0.0,0.0,25.5,26.0,26.5,0,0,0.0,0.0,0.0,0.0,0.0,0.0,0.0,2.0,8.5,3.0,0.5,0.5,0.5,3.0,0.5,1.0,0.0,0.0,0.0,0.0,0.0,0.0,3.0,6.0,6.0,0.0,0.0,0.0,0.0,0.0,0.0,0.0,0.0,0.0,0.5,3.0,0.5,0.0,0.0,0.0,0.5,1.0,0.5,0,0.0,0.0,0.0,0.0,0.0
Gap,8,1,False,False,0.0,0.0,0.0,47.5,49.0,56.0,0,0,0.0,0.0,0.0,0.0,0.5,0.0,0.0,7.0,1.5,1.5,0.5,0.5,0.0,0.5,0.0,0.5,0.0,0.0,0.0,0.0,0.0,0.0,2.0,1.0,1.5,0.0,0.0,0.0,0.0,0.0,0.0,0.0,0.0,0.0,3.0,0.5,0.0,0.0,0.0,0.0,6.0,1.0,1.0,0,0.0,0.0,0.0,0.0,0.0
Gap,8,2,False,False,0.0,0.0,0.0,2.0,1.5,3.0,0,0,0.0,0.0,0.0,0.0,0.0,0.5,0.0,1.0,4.5,3.0,0.5,0.5,0.5,0.0,0.0,0.0,0.0,0.0,0.0,0.0,0.0,0.0,4.0,0.5,1.0,0.0,0.0,0.0,0.0,0.0,0.0,0.0,0.0,0.0,0.0,0.5,0.0,0.0,0.0,0.0,3.0,3.0,6.0,0,0.0,0.0,0.0,0.0,0.0
Gap,8,3,False,True,0.0,0.0,0.0,1.0,4.5,0.0,0,0,0.0,0.0,0.0,0.0,3.0,0.0,0.0,9.5,23.5,7.5,3.0,15.0,7.5,0.0,0.5,0.5,0.0,0.0,0.0,0.0,0.0,0.0,25.5,3.5,7.5,0.0,0.0,0.0,0.5,0.0,0.0,0.0,0.0,0.0,0.5,3.0,0.0,0.0,0.0,0.0,26.0,3.5,1.0,0,0.0,0.0,0.0,0.0,0.0
Gap,8,4,False,True,0.0,0.0,0.0,9.0,7.5,25.0,0,0,0.0,0.0,0.0,0.0,3.0,3.0,0.0,2.0,4.0,2.5,3.0,3.0,0.5,0.0,0.0,3.0,0.0,0.0,0.0,0.0,0.0,0.0,4.0,3.0,1.0,0.0,0.0,0.0,0.5,0.0,0.0,0.0,0.0,0.0,0.5,0.0,0.0,0.0,0.0,0.0,3.5,3.0,3.5,0,0.0,0.0,0.5,0.5,3.0
Gap,8,5,False,False,0.0,0.0,0.0,27.5,38.5,26.0,0,0,0.0,0.0,0.0,0.0,0.0,0.0,0.0,5.0,5.5,3.5,0.5,0.5,0.5,6.0,3.0,1.5,0.0,0.0,0.0,0.0,0.0,0.0,1.0,1.0,1.0,0.0,0.0,0.0,0.0,0.0,0.0,0.0,0.0,0.0,0.5,0.5,0.0,0.0,0.0,0.0,3.0,4.0,2.0,0,0.0,0.0,0.0,0.0,0.0
Gap,8,6,False,True,0.0,0.0,0.0,46.5,41.5,46.5,0,0,0.0,0.0,0.0,0.0,0.0,0.0,0.0,3.0,6.5,2.0,0.5,0.0,1.0,0.5,1.0,45.5,0.0,0.0,0.0,0.0,0.0,0.0,0.0,0.5,3.5,0.0,0.0,0.0,0.0,0.0,0.0,0.0,0.0,0.0,0.5,3.0,0.5,0.0,0.0,0.0,3.5,3.5,0.0,0,0.0,0.0,0.0,0.0,0.0
Gap,8,7,False,False,0.0,0.0,0.0,27.5,28.5,16.0,0,0,0.0,0.0,0.0,0.0,0.0,0.0,0.0,5.5,4.0,2.0,3.0,3.0,0.5,3.5,3.5,1.0,7.5,3.0,7.5,0.0,0.0,0.0,3.5,3.5,1.0,0.0,0.0,0.0,0.0,0.0,0.0,0.0,0.0,0.0,0.5,0.0,0.0,0.0,0.0,0.0,3.5,3.0,1.0,0,0.0,0.0,0.0,0.0,0.0
Gap,8,8,False,False,0.0,0.0,0.0,26.5,26.0,26.0,0,0,0.0,0.0,0.5,0.0,7.5,3.0,0.0,2.5,1.5,0.0,0.5,0.5,0.5,3.5,0.5,1.0,0.0,0.0,0.0,0.0,0.0,0.0,3.0,0.0,0.5,0.0,0.0,0.0,0.0,0.0,0.0,0.0,0.0,0.0,0.5,0.5,0.0,0.0,0.0,0.0,1.0,1.0,0.5,0,0.0,0.0,0.0,0.0,0.0
Gap,8,9,False,True,0.0,0.0,0.0,27.0,21.5,25.0,0,0,0.0,0.0,0.0,0.0,0.0,0.0,0.0,7.5,11.5,0.0,3.0,3.0,0.0,0.0,0.0,0.5,0.0,0.0,0.0,0.0,0.0,0.0,4.0,4.0,0.5,0.0,0.0,0.0,0.0,0.0,0.0,0.0,0.0,0.0,0.0,0.5,0.0,0.0,0.0,0.0,25.5,25.5,3.0,0,0.0,0.0,0.0,0.0,0.0
Gap,8,10,False,True,0.0,0.0,0.0,9.5,13.5,16.0,0,0,0.0,0.0,0.0,0.0,3.0,7.5,0.0,3.0,7.5,1.5,25.0,15.0,3.0,0.0,0.0,0.0,0.0,0.0,0.0,0.0,0.0,0.0,46.0,3.0,0.5,0.0,0.0,0.0,0.0,0.0,0.0,0.0,0.0,0.0,0.0,0.0,0.0,0.0,0.0,0.0,8.0,7.5,3.0,0,0.0,0.0,0.0,0.0,0.0
Gap,8,11,False,True,0.0,0.0,0.0,37.0,45.5,55.5,0,0,0.0,0.0,0.0,0.0,0.0,0.5,0.5,6.0,10.5,5.0,25.0,35.0,3.0,0.0,0.0,0.5,0.0,0.0,0.0,0.0,0.0,0.0,1.0,1.0,0.0,0.0,0.0,0.0,0.0,0.0,0.0,0.0,0.0,0.0,0.0,0.0,0.0,0.0,0.0,0.0,25.5,3.0,0.0,0,0.0,0.0,0.0,0.0,0.0
Gap,8,12,False,False,0.0,0.0,0.0,43.5,26.0,46.0,0,0,0.0,0.0,0.0,0.0,0.0,0.5,0.5,3.0,3.5,10.5,3.0,3.0,3.0,3.0,3.0,0.5,0.0,0.0,0.0,0.0,0.0,0.0,15.5,3.0,4.0,0.0,0.0,0.0,0.0,0.0,0.0,0.0,0.0,0.0,0.5,0.5,0.0,0.0,0.0,0.0,3.5,3.5,6.5,0,0.0,0.0,0.0,0.0,0.0
Gap,8,13,False,False,0.0,0.0,0.0,16.5,72.5,86.0,0,0,0.0,0.0,0.0,0.0,0.0,0.0,0.0,1.0,10.5,2.0,3.0,3.0,3.0,0.0,3.0,0.0,0.0,0.0,0.0,0.0,0.0,0.0,0.0,0.5,1.0,0.0,0.0,0.0,0.0,0.0,0.0,0.0,0.0,0.0,0.5,3.0,0.5,0.0,0.0,0.0,0.5,3.0,1.0,0,0.0,0.0,0.0,0.0,0.0
Gap,8,14,False,True,0.5,0.0,0.0,56.5,36.5,62.5,0,0,0.0,0.0,0.0,0.0,15.0,0.0,0.5,6.5,6.5,17.5,15.0,3.0,7.5,0.5,0.5,0.0,0.0,0.0,0.0,0.0,0.0,0.0,4.5,0.5,6.5,0.0,0.0,0.0,0.0,0.0,0.0,0.0,0.0,0.0,3.0,0.0,0.0,0.0,0.0,0.0,7.5,0.5,0.5,0,0.0,0.0,0.0,0.0,0.0
Gap,8,15,False,True,0.0,0.0,0.0,37.0,19.5,36.0,0,0,0.0,0.0,0.0,0.0,0.0,0.0,0.0,5.0,11.0,3.5,3.0,3.0,0.0,7.5,7.5,0.5,0.0,0.0,0.0,0.0,0.0,0.0,3.5,3.5,1.5,0.0,0.0,0.0,0.0,0.0,0.0,0.0,0.0,0.0,0.5,0.5,0.5,0.0,0.0,0.0,0.5,1.5,1.0,0,0.0,0.5,0.0,0.0,0.0
Gap,8,16,False,False,0.0,0.0,0.0,56.0,38.5,26.0,0,0,0.0,0.0,0.0,0.0,0.5,0.0,0.0,4.5,6.0,1.5,3.0,0.5,0.5,3.5,6.0,0.0,0.0,0.0,0.0,0.0,0.0,0.0,1.0,0.5,3.0,0.0,0.0,0.0,0.0,0.0,0.0,0.0,0.0,0.0,0.5,0.5,0.5,0.0,0.0,0.0,3.0,3.0,0.5,0,0.0,0.0,0.0,0.0,0.0
Gap,10,1,False,False,0.0,0.0,0.0,0.0,1.0,0.5,0,0,0.0,0.0,0.0,0.0,3.0,0.5,0.0,2.5,11.5,6.0,7.5,3.0,7.5,0.0,0.0,0.5,0.0,0.0,0.0,0.0,0.0,0.0,4.0,6.0,0.5,0.0,0.0,0.0,0.0,0.0,0.0,0.0,0.0,0.0,0.0,0.0,0.0,0.0,0.0,0.0,25.0,7.5,3.5,0,0.0,0.0,0.0,0.5,0.5
Gap,10,2,True,True,0.0,0.0,0.0,4.5,4.0,3.5,0,0,0.0,0.0,0.0,0.0,0.0,0.0,0.0,3.5,11.0,15.5,7.5,55.0,15.0,0.0,0.0,0.0,0.0,0.0,0.0,0.0,0.0,0.0,8.5,25.5,0.0,0.0,0.0,0.0,0.0,0.0,0.0,0.0,0.0,0.0,0.5,0.0,0.0,0.0,0.0,0.0,45.0,3.0,0.0,0,0.0,0.0,0.0,0.0,0.0
Gap,10,3,False,True,0.0,0.0,0.0,25.0,17.5,36.0,0,0,0.0,0.0,0.0,0.0,35.0,15.0,0.0,1.5,8.0,5.0,0.5,0.0,0.5,0.0,0.0,3.0,0.0,0.0,0.0,0.0,0.0,0.0,0.0,7.5,0.5,0.0,0.0,0.0,0.0,0.0,0.0,0.0,0.0,0.0,0.0,0.0,0.0,0.0,0.0,0.0,3.0,1.0,0.0,0,0.0,0.0,0.5,3.0,0.5
Gap,10,4,True,False,0.0,0.0,0.0,1.0,2.0,0.0,0,0,0.0,0.0,0.5,0.5,0.5,3.0,0.0,2.0,6.5,4.0,15.0,0.0,7.5,0.0,0.5,15.0,0.0,0.0,0.0,0.0,0.0,0.0,25.0,3.0,0.5,0.0,0.0,0.0,0.0,0.0,0.0,0.0,0.0,0.0,0.5,0.0,0.0,0.0,0.0,0.0,35.0,7.5,7.5,0,0.0,0.0,0.5,0.5,0.0
Gap,10,5,False,False,0.0,0.0,0.0,1.0,1.5,3.5,0,0,0.0,0.0,0.0,0.0,0.0,0.0,0.0,1.5,5.5,4.5,0.5,0.5,0.5,0.0,0.0,0.0,0.0,0.0,0.0,0.0,0.0,0.0,1.5,3.5,0.5,0.0,0.0,0.0,0.0,0.0,0.0,0.0,0.0,0.0,0.5,0.5,0.0,0.0,0.0,0.0,3.0,15.0,0.5,0,0.0,0.0,0.0,0.0,0.0
Gap,10,6,True,True,0.0,0.0,0.0,0.5,1.0,3.5,0,0,0.0,0.0,0.0,0.0,0.0,0.0,0.0,6.5,17.5,4.5,3.0,0.5,3.0,0.0,0.0,0.0,0.0,0.0,0.0,0.0,0.0,0.0,4.0,3.5,4.0,0.0,0.0,0.0,0.0,0.0,0.0,0.0,0.0,0.0,0.0,0.0,0.0,0.0,0.0,0.0,35.0,3.5,8.5,0,0.0,0.0,0.0,0.0,0.0
Gap,10,7,False,True,0.0,0.0,0.0,0.5,3.5,0.5,0,0,0.0,0.5,0.5,0.5,0.5,0.5,0.0,4.5,17.5,4.5,3.0,25.0,15.5,0.0,0.0,0.5,0.0,0.0,0.0,0.0,0.0,0.0,0.5,2.0,3.0,0.0,0.0,0.0,0.0,0.0,0.0,0.0,0.5,0.0,0.0,0.5,0.0,0.0,0.0,0.0,3.0,1.5,0.0,0,0.0,0.0,0.0,0.0,0.0
Gap,10,8,True,True,0.0,0.0,0.0,1.5,6.5,8.5,0,0,0.0,0.0,0.0,0.0,0.0,0.0,0.0,3.5,16.5,9.0,3.0,7.5,7.5,0.0,0.0,0.0,0.0,0.0,0.0,0.0,0.0,0.0,0.5,3.5,4.0,0.0,0.0,0.0,0.0,0.0,0.0,0.0,0.0,0.0,0.0,0.0,0.0,0.0,0.0,0.0,15.0,6.5,8.5,0,0.0,0.0,0.0,3.0,0.5
Gap,10,9,False,True,0.0,0.0,0.0,0.5,1.0,0.0,0,0,0.0,0.0,0.0,0.0,0.0,0.0,0.0,1.0,21.5,4.0,0.0,0.5,0.5,0.0,0.0,0.0,0.0,0.0,0.0,0.0,0.0,0.0,1.0,3.5,1.0,0.0,0.0,0.0,0.0,0.0,0.0,0.0,0.0,0.0,0.0,0.0,0.0,0.0,0.0,0.0,15.0,25.0,4.0,0,0.0,0.0,0.0,0.0,0.0
Gap,10,10,True,False,0.0,0.0,0.0,1.5,1.0,3.5,0,0,0.0,0.0,0.0,0.0,0.0,0.0,0.0,2.0,2.0,2.0,0.0,0.0,0.5,0.5,0.5,0.5,0.0,0.0,0.0,0.0,0.0,0.0,0.5,0.5,0.5,0.0,0.0,0.0,0.0,0.0,0.0,0.0,0.0,0.0,0.0,0.0,0.0,0.0,0.0,0.0,25.0,15.0,28.5,0,0.0,0.0,0.5,0.5,3.0
Gap,10,11,False,True,0.0,0.0,0.0,4.0,4.5,16.0,0,0,0.0,0.0,0.0,0.0,0.0,0.0,0.0,2.5,5.0,9.0,0.5,0.5,0.0,0.0,0.0,0.0,0.0,0.0,0.0,0.5,0.5,0.0,1.0,0.5,6.0,0.0,0.0,0.0,0.0,0.0,0.0,0.0,0.0,0.0,0.0,0.5,0.5,0.0,0.0,0.0,15.0,10.5,1.5,0,3.0,0.0,0.0,0.0,0.0
Gap,10,12,True,True,0.0,0.0,0.0,8.0,29.5,46.0,0,0,0.0,0.0,0.0,0.0,0.5,8.5,0.5,1.5,14.0,0.0,0.0,0.0,0.0,0.0,0.0,15.0,0.0,0.0,0.0,0.0,0.0,0.0,0.5,0.5,0.0,0.0,0.0,0.0,0.0,15.0,3.0,0.0,0.0,0.0,0.0,0.5,0.0,0.0,0.0,0.0,0.5,6.5,0.5,0,0.0,0.0,0.0,0.0,0.0
Gap,10,13,False,False,0.0,0.0,0.0,0.0,0.5,3.0,0,0,0.0,0.0,0.0,0.0,0.0,0.0,0.0,2.5,4.5,8.5,0.0,0.0,0.0,0.0,0.0,0.5,0.0,0.0,0.0,0.0,0.0,0.0,3.5,3.5,0.5,0.0,0.0,0.0,0.0,0.0,0.0,0.0,0.0,0.0,0.0,0.5,0.0,0.0,0.0,0.0,3.0,3.0,3.0,0,0.0,0.0,0.0,0.0,0.0
Gap,10,14,True,False,0.0,0.0,0.0,0.0,0.5,1.0,0,0,0.0,0.0,0.0,0.0,0.0,0.0,0.0,1.0,13.5,10.5,0.0,0.0,0.0,0.0,0.0,0.0,0.0,0.0,0.0,0.0,0.0,0.0,0.0,3.0,3.0,0.0,0.0,0.0,0.0,0.0,0.0,0.0,0.0,0.0,0.0,0.0,3.0,0.0,0.0,0.0,3.0,8.0,7.5,0,0.0,0.0,0.0,0.0,0.0
Gap,10,15,False,False,0.0,0.0,0.0,0.5,7.5,8.0,0,0,0.0,0.0,0.0,0.0,3.0,3.0,0.0,2.0,4.5,2.5,0.5,0.5,0.5,0.0,0.0,0.5,0.0,0.0,0.0,0.0,0.0,0.0,1.0,3.5,3.0,0.0,0.0,0.0,0.0,0.0,0.0,0.0,0.0,0.0,0.0,0.0,0.0,0.0,0.0,0.0,7.5,7.5,1.0,0,0.0,0.0,0.5,0.0,0.5
Gap,10,16,True,True,0.0,0.0,0.0,7.5,33.5,36.0,0,0,0.0,0.0,0.0,0.0,0.0,35.0,55.0,2.5,4.0,1.5,0.5,0.0,3.0,0.0,0.0,0.0,0.0,0.0,0.0,0.0,0.0,0.0,1.0,3.5,0.5,0.0,0.0,0.0,0.0,0.0,0.0,0.0,0.0,0.0,0.5,0.0,0.0,0.0,0.0,0.0,0.5,3.0,1.0,0,0.0,0.0,0.0,0.0,0.0
Gap,10,17,False,False,0.0,0.0,0.0,1.5,0.0,4.5,0,0,0.0,0.0,0.0,0.0,7.5,0.0,0.0,1.5,0.0,2.0,0.0,0.0,0.5,0.0,0.0,3.0,0.0,0.0,0.0,0.0,0.0,0.0,1.0,0.0,0.5,0.0,0.0,0.0,0.0,0.0,0.0,0.0,0.0,0.0,0.5,0.0,0.0,0.0,0.0,0.0,25.0,0.0,4.0,0,0.0,0.0,0.0,0.0,0.0
Gap,10,18,True,False,0.0,0.0,0.0,7.0,9.0,3.5,0,0,0.0,0.0,0.0,0.0,3.0,7.5,0.0,4.0,15.5,4.5,3.0,0.0,0.5,0.0,0.0,0.0,0.0,0.0,0.0,0.0,0.0,0.0,0.5,0.0,0.5,0.0,0.0,0.0,0.0,0.0,0.0,0.0,0.0,0.0,0.0,0.0,0.0,0.0,0.0,0.0,15.0,15.5,1.0,0,0.0,0.0,0.0,0.0,0.0
Gap,10,19,False,False,0.0,0.0,0.0,0.0,0.5,0.0,0,0,0.0,0.0,0.0,0.0,0.0,0.0,0.0,0.5,3.0,7.5,0.0,0.0,0.0,0.0,0.0,0.0,0.0,0.0,0.0,0.0,0.0,0.0,3.0,0.5,0.5,0.0,0.0,0.0,0.0,0.0,0.0,0.0,0.0,0.0,0.0,0.0,0.0,0.0,0.0,0.0,3.0,3.0,1.0,0,0.0,0.0,0.0,0.0,0.0
Gap,10,20,True,True,0.0,0.0,0.0,0.5,15.0,0.0,0,0,0.0,0.0,0.0,0.0,3.0,15.0,0.0,3.0,25.5,1.0,3.0,0.0,0.5,0.0,3.0,25.5,0.0,0.0,0.0,0.0,0.0,0.0,1.0,4.0,1.0,0.0,0.0,0.0,0.0,0.0,0.0,0.0,0.0,0.0,0.0,0.0,3.0,0.0,0.0,0.0,15.5,8.0,0.5,0,0.0,0.0,0.0,0.0,0.5
Gap,10,21,False,False,0.0,0.0,0.0,0.0,1.0,0.0,0,0,0.0,0.0,0.0,0.0,3.0,0.5,0.0,0.5,1.5,3.5,0.5,0.5,0.0,0.0,0.0,0.5,0.0,0.0,0.0,0.0,0.0,0.0,0.5,1.0,0.0,0.0,0.0,0.0,0.0,0.0,0.0,0.0,0.0,0.0,0.0,0.0,0.0,0.0,0.0,0.0,0.5,0.5,0.0,0,0.0,0.0,0.0,0.0,0.0
Gap,10,22,True,True,0.0,0.0,0.0,0.0,0.5,0.0,0,0,0.0,0.0,0.0,0.0,0.0,0.5,0.0,1.0,10.5,15.5,3.0,0.0,3.0,0.0,0.0,25.0,0.0,0.0,0.0,0.0,0.0,0.0,0.5,15.0,0.0,0.0,0.0,0.0,0.0,0.5,0.0,0.0,0.0,0.0,0.0,0.5,0.0,0.0,0.0,0.0,15.0,15.0,7.5,0,0.0,0.0,0.0,0.0,0.0
Gap,10,23,False,False,0.0,0.0,0.0,0.5,0.0,0.0,0,0,0.0,0.0,0.0,0.0,0.0,0.0,0.0,0.0,0.5,1.0,0.5,0.5,0.0,0.0,0.0,0.0,0.0,0.0,0.0,0.0,0.0,0.0,1.0,0.5,0.5,0.0,0.0,0.0,0.0,0.0,0.0,0.0,0.0,0.0,0.0,0.0,0.0,0.0,0.0,0.0,0.5,3.0,0.5,0,0.0,0.0,0.0,0.0,0.0
Gap,10,24,True,True,0.0,0.0,0.0,8.0,10.5,35.0,0,0,0.0,0.5,0.5,3.0,0.5,3.0,0.0,1.5,5.0,15.5,7.5,3.0,0.5,0.0,0.0,15.0,0.0,0.0,0.0,0.0,0.0,0.0,0.5,0.0,0.0,0.0,0.0,0.0,0.0,0.0,0.0,0.0,0.0,0.0,0.0,0.0,0.0,0.0,0.0,0.0,15.0,3.0,0.0,0,0.0,0.0,0.5,0.5,0.0
Gap,10,25,False,True,0.0,0.0,0.0,0.5,1.0,0.0,0,0,0.0,0.0,0.0,0.0,0.0,0.0,0.0,0.5,6.0,1.0,3.0,3.0,0.5,0.0,0.0,0.0,0.0,0.0,0.0,0.0,0.0,0.0,1.0,3.0,0.5,0.0,0.0,0.0,0.0,0.0,0.0,0.0,0.0,0.0,0.0,0.0,0.0,0.0,0.0,0.0,7.5,7.5,0.0,0,0.0,0.0,0.0,0.0,0.0
Gap,10,26,True,True,0.0,0.0,0.0,7.5,0.5,0.0,0,0,0.0,0.0,0.0,0.0,0.0,0.0,0.0,0.5,1.5,0.5,3.0,3.0,0.5,0.0,0.0,0.0,0.0,0.0,0.0,0.0,0.0,0.0,0.5,3.5,0.5,0.0,0.0,0.0,0.0,0.0,0.0,0.0,0.0,0.0,0.0,0.0,0.0,0.0,0.0,0.0,3.0,3.0,0.5,0,0.0,0.0,0.5,0.0,0.0
Gap,10,27,False,False,0.0,0.0,0.0,15.5,7.5,35.0,0,0,0.0,0.0,0.0,0.0,0.0,0.0,0.0,0.5,1.5,0.0,0.5,3.0,0.5,0.0,0.0,0.0,0.0,0.0,0.0,0.0,0.0,0.0,3.0,3.5,0.5,0.0,0.0,0.0,0.0,0.0,0.0,0.0,0.0,0.0,0.0,0.0,0.0,0.0,0.0,0.0,3.0,3.0,0.5,0,0.0,0.0,0.0,0.0,0.0
Gap,10,28,True,False,0.0,0.0,0.0,25.5,39.0,36.0,0,0,0.0,0.0,0.0,0.0,0.0,0.0,0.0,2.5,1.5,1.5,0.5,0.0,0.5,0.0,0.0,0.5,0.0,0.0,0.0,0.0,0.0,0.0,0.5,0.0,0.5,0.0,0.0,0.0,0.0,0.0,0.0,0.0,0.0,0.0,0.5,0.0,0.0,0.0,0.0,0.0,25.0,15.0,1.0,0,0.0,0.0,0.5,0.0,0.5
Gap,10,29,False,False,0.0,0.0,0.0,0.5,3.0,1.0,0,0,0.0,0.0,0.0,0.0,0.0,0.0,0.0,1.0,1.5,0.0,7.5,3.0,3.0,0.0,0.0,0.0,0.0,0.0,0.0,0.0,0.0,0.0,3.5,3.5,0.5,0.0,0.0,0.0,0.0,0.0,0.0,0.0,0.0,0.0,0.0,0.0,0.0,0.0,0.0,0.0,3.0,0.5,0.5,0,0.0,0.0,0.0,0.0,0.0
Gap,10,30,True,True,0.0,0.0,0.0,3.5,8.5,15.5,0,0,0.0,0.0,0.5,0.0,3.0,25.0,0.5,1.0,6.5,0.0,0.0,0.0,0.0,0.0,0.0,15.0,0.0,0.0,0.0,0.0,0.0,0.0,0.5,3.0,0.5,0.0,0.0,0.0,0.0,0.0,0.0,0.0,0.0,0.0,0.5,0.0,0.0,0.0,0.0,0.0,0.5,0.0,0.0,0,0.0,0.0,0.0,0.0,0.0
Gap,10,31,False,True,0.0,0.5,0.0,16.5,37.0,45.5,0,0,0.0,0.0,0.0,0.0,0.0,0.0,0.0,2.5,23.5,1.5,3.0,3.0,0.5,0.0,0.0,0.5,0.0,0.0,0.0,0.0,0.0,0.0,0.5,0.5,1.0,0.0,0.0,0.0,0.0,0.0,0.0,0.0,0.0,0.0,0.0,0.5,0.0,0.0,0.0,0.0,7.5,14.0,1.0,0,0.0,0.0,0.0,0.0,0.5
Gap,10,32,True,True,0.0,0.0,0.0,3.5,10.0,11.5,0,0,0.0,0.0,0.0,0.0,0.0,0.0,0.0,1.5,0.5,4.5,3.0,0.0,0.5,0.0,0.0,0.5,0.0,0.0,0.0,0.0,0.0,0.0,0.5,6.0,1.0,0.0,0.0,0.0,0.0,0.0,0.0,0.0,0.0,0.0,0.0,0.5,3.0,0.0,0.0,0.0,15.0,25.5,18.5,0,0.0,0.0,0.0,0.0,3.0
Gap,12,1,False,False,0.0,0.0,0.0,17.0,9.0,15.0,0,0,0.0,0.0,0.0,0.0,15.0,7.5,0.0,10.0,11.0,5.0,7.5,0.0,3.0,0.0,0.0,3.0,0.0,0.0,0.0,0.0,0.0,0.0,8.0,3.0,0.5,0.0,0.0,0.0,0.0,0.0,0.0,0.0,0.0,0.0,0.0,0.5,0.0,0.0,0.0,0.0,0.5,3.5,3.0,0,0.0,0.0,0.0,0.0,0.0
Gap,12,2,True,True,0.0,3.0,0.0,21.0,58.5,58.0,0,0,0.0,0.0,0.0,0.0,0.0,3.0,0.0,21.0,9.5,1.5,15.0,7.5,3.0,0.0,7.5,7.5,0.0,0.0,0.0,0.0,0.0,0.0,18.0,3.0,4.0,0.0,0.0,0.0,0.0,0.0,0.0,0.0,0.0,0.0,0.0,0.0,0.0,0.0,0.0,0.0,15.0,0.5,0.0,0,0.0,0.0,0.0,0.0,0.0
Gap,12,3,False,True,0.0,0.0,0.0,9.5,7.0,3.5,0,0,0.0,0.0,0.0,0.0,0.0,3.0,0.5,9.0,22.0,3.5,7.5,15.0,3.0,0.0,0.0,0.5,0.0,0.0,0.0,0.0,0.0,0.0,2.5,10.5,0.5,0.0,0.0,0.0,0.0,0.0,0.0,0.0,0.0,0.0,0.0,7.5,0.0,0.0,0.0,0.0,0.5,1.0,1.0,0,3.0,0.0,0.0,0.0,0.0
Gap,12,4,True,True,0.0,3.0,0.0,18.5,17.0,26.0,0,0,0.0,0.0,0.0,0.0,0.5,3.0,0.0,6.0,4.5,3.5,25.0,3.0,3.0,0.0,3.0,11.0,0.0,0.0,0.0,0.0,0.0,0.0,1.0,3.5,0.0,0.0,0.0,0.0,0.0,0.0,0.0,0.0,0.0,0.0,0.0,0.0,0.0,0.0,0.0,0.0,25.5,0.5,0.5,0,0.0,0.0,0.0,0.0,0.0
Gap,12,5,False,False,0.0,0.0,0.0,1.0,7.5,0.5,0,0,0.0,0.0,0.0,0.5,7.5,0.0,0.0,4.0,9.0,4.5,7.5,3.0,0.0,0.0,0.5,3.5,0.0,0.0,0.0,0.0,0.0,0.0,0.0,3.0,0.5,0.0,0.0,0.0,0.0,0.0,0.0,0.0,0.0,0.0,0.0,0.0,0.0,0.0,0.0,0.0,3.0,0.5,1.0,0,0.0,0.0,0.0,0.0,0.0
Gap,12,6,True,True,0.0,0.0,0.0,45.5,12.0,18.5,0,0,0.0,0.0,0.0,0.0,0.0,0.0,0.0,1.5,9.0,2.5,0.5,25.0,3.0,0.0,3.0,10.5,0.0,0.0,0.0,0.0,0.0,0.0,2.0,6.5,1.5,0.0,0.0,0.0,0.0,0.0,0.0,0.0,0.0,0.0,0.0,3.0,0.0,0.0,0.0,0.0,3.5,4.0,3.5,0,0.0,0.0,0.0,0.0,0.0
Gap,12,7,False,True,0.0,0.0,0.5,0.5,2.0,0.5,0,0,0.0,0.0,0.0,0.0,0.0,0.0,0.0,3.0,8.0,9.5,25.0,3.0,3.0,0.0,3.0,0.0,0.0,0.0,0.0,0.0,0.0,0.0,2.0,1.0,1.0,0.0,0.0,0.0,0.0,0.0,0.0,0.0,0.0,0.0,0.0,0.0,0.0,0.0,0.0,0.0,25.0,0.5,35.5,0,0.0,0.0,0.0,0.0,0.0
Gap,12,8,True,False,0.0,0.0,0.0,3.5,3.5,0.0,0,0,0.0,0.0,0.0,0.0,0.5,0.5,0.0,5.0,10.0,1.5,45.0,7.5,7.5,0.0,0.0,3.5,0.0,0.0,0.0,0.0,0.0,0.0,8.5,15.0,0.5,0.0,0.0,0.0,0.0,0.0,0.0,0.0,0.0,0.0,0.0,0.0,0.0,0.0,0.0,0.0,0.5,6.0,6.0,0,0.0,0.0,0.0,0.0,0.0
Gap,12,9,False,True,0.0,0.0,0.0,1.0,6.5,0.5,0,0,0.0,0.0,0.0,0.0,3.0,3.0,0.0,1.0,10.5,5.5,3.0,7.5,0.5,0.0,0.5,3.0,0.0,0.0,0.0,0.0,0.0,0.0,15.0,1.0,1.5,0.0,0.0,0.0,0.0,0.0,0.0,0.0,0.5,0.0,0.0,0.0,0.0,0.0,0.0,0.0,3.5,3.5,3.0,0,0.0,0.0,0.0,0.0,0.0
Gap,12,10,True,True,0.0,0.0,0.0,2.0,7.0,3.5,0,0,0.0,0.0,0.0,0.0,0.0,0.0,0.0,1.5,5.5,5.0,0.5,0.0,3.0,0.0,7.5,6.0,0.0,0.0,0.0,0.0,0.0,0.0,1.0,0.5,1.0,0.0,0.0,0.0,0.0,0.0,0.0,0.0,0.0,0.0,0.0,0.0,0.0,0.0,0.0,0.0,3.5,6.0,4.5,0,0.0,0.0,0.0,0.0,0.0
Gap,12,11,False,True,0.0,0.0,0.0,0.5,1.5,0.0,0,0,0.0,0.0,0.0,0.0,0.0,0.0,0.0,2.0,4.0,0.5,0.5,3.0,0.5,0.0,0.5,0.0,0.0,0.0,0.0,0.0,0.0,0.0,0.5,0.5,3.0,0.0,0.0,0.0,0.0,0.0,0.0,0.0,0.0,0.0,0.0,3.0,0.0,0.0,0.0,0.0,0.0,0.5,0.5,0,0.0,0.0,0.0,0.0,0.0
Gap,12,12,True,True,0.0,0.5,0.0,2.0,11.5,3.5,0,0,0.0,0.0,0.0,0.0,0.0,0.5,0.0,3.0,4.5,1.0,7.5,15.0,7.5,0.0,0.0,28.0,0.0,0.0,0.0,0.0,0.0,0.0,4.0,6.5,1.0,0.0,0.0,0.0,0.0,0.0,0.0,0.0,0.0,0.0,0.0,0.0,0.0,0.0,0.0,0.0,0.5,3.0,0.0,0,0.0,0.0,0.0,0.0,0.0
Gap,12,13,False,False,0.0,0.0,0.0,1.0,4.0,0.5,0,0,0.0,0.0,0.0,0.0,0.5,0.5,0.0,5.5,4.0,2.0,7.5,3.0,3.0,0.0,0.5,0.0,0.0,0.0,0.0,0.0,0.0,0.0,3.5,3.0,0.5,0.0,0.0,0.0,0.0,0.0,0.0,0.0,0.0,0.0,0.0,0.0,0.0,0.0,0.0,0.0,0.5,0.0,0.5,0,0.0,0.0,0.0,0.0,0.0
Gap,12,14,True,True,0.0,0.0,0.0,0.5,4.5,0.0,0,0,0.0,0.0,0.0,0.0,0.0,0.0,0.0,1.0,4.5,1.0,7.5,45.0,7.5,0.0,15.0,3.0,0.0,0.0,0.0,0.0,0.0,0.0,4.0,3.0,0.5,0.0,0.0,0.0,0.0,0.0,0.0,0.0,0.0,0.0,0.0,0.0,0.0,0.0,0.0,0.0,15.0,0.0,0.0,0,0.0,0.0,0.0,0.0,0.0
Gap,12,15,False,False,0.0,0.0,0.0,1.0,4.5,0.5,0,0,0.0,0.5,0.0,0.0,0.5,3.0,0.0,2.5,6.5,4.0,15.0,3.0,3.0,0.0,0.0,0.5,0.0,0.0,0.0,0.0,0.0,0.0,1.0,3.0,0.5,0.0,0.0,0.0,0.0,0.0,0.0,0.0,0.0,0.0,0.0,0.0,0.0,0.0,0.0,0.0,3.0,3.5,8.0,0,0.0,0.0,0.0,0.0,0.0
Gap,12,16,True,True,0.0,0.0,0.0,4.0,11.5,7.5,0,0,0.0,0.0,0.0,0.0,0.0,0.0,0.0,12.0,10.5,15.5,0.0,3.0,0.0,1.0,0.0,1.0,0.0,0.0,0.0,0.0,0.0,0.0,4.0,7.5,0.0,0.0,0.0,0.0,0.0,0.0,0.0,0.0,0.0,0.0,0.0,0.0,0.0,0.0,0.0,0.0,15.0,3.5,0.0,0,0.0,0.0,0.0,0.0,0.0
Gap,12,17,False,True,0.0,0.5,0.0,4.5,15.5,1.5,0,0,0.0,0.5,0.0,0.0,0.5,3.0,0.0,2.0,8.0,9.5,3.0,35.0,130.0,0.0,0.0,0.0,0.0,0.0,0.0,0.0,0.0,0.0,8.5,3.0,1.5,0.0,0.0,0.0,0.0,0.0,0.0,0.0,0.0,0.0,0.0,0.0,0.0,0.0,0.0,0.0,3.0,0.0,0.0,0,0.0,0.0,0.0,0.0,1.0
Gap,12,18,True,True,0.0,0.0,0.0,4.0,18.5,55.0,0,0,0.0,0.5,0.0,0.0,0.0,0.0,0.0,2.0,10.0,2.0,3.0,7.5,0.5,0.5,15.0,10.5,0.0,0.0,0.0,0.0,0.0,0.0,1.0,0.5,0.5,0.0,0.0,0.0,0.0,0.0,0.0,0.0,0.0,0.0,0.0,0.0,0.0,0.0,0.0,0.0,1.0,3.0,0.0,0,0.0,0.0,0.0,0.0,0.0
Gap,12,19,False,True,0.0,0.0,0.5,8.5,29.0,38.0,0,0,0.0,0.0,0.0,0.0,0.0,0.5,0.5,2.0,25.0,3.0,3.0,3.0,0.5,0.0,3.5,0.5,0.0,0.0,0.0,0.0,0.0,0.0,1.5,10.5,1.0,0.0,0.0,0.0,0.0,0.0,0.0,0.0,0.0,0.0,0.0,0.0,0.0,0.0,0.0,0.0,0.5,3.5,2.0,0,0.5,0.0,0.0,0.0,0.0
Gap,12,20,True,True,0.0,0.0,0.0,0.0,5.0,4.0,0,0,0.0,0.0,0.0,0.0,0.0,0.0,3.0,1.0,10.5,1.0,3.0,3.0,0.5,0.0,0.5,0.0,0.0,0.0,0.0,0.0,0.0,0.0,1.0,0.0,0.5,0.0,0.0,0.0,0.0,0.0,0.0,0.0,0.0,0.0,0.0,0.0,0.0,0.0,0.0,0.0,1.0,3.0,0.0,0,0.0,0.0,0.0,0.0,0.0
Gap,12,21,False,False,0.0,0.5,0.0,3.5,12.0,15.5,0,0,0.0,0.5,0.0,0.0,0.5,0.0,0.0,2.0,7.5,5.5,3.0,3.0,0.0,0.0,0.5,0.5,0.0,0.0,0.0,0.0,0.0,0.0,1.5,3.5,1.0,0.0,0.0,0.0,0.0,0.0,0.0,0.0,0.0,0.0,0.0,0.0,0.0,0.0,0.0,0.5,3.0,1.0,3.5,0,0.0,0.0,0.0,0.0,0.0
Gap,12,22,True,False,0.0,0.0,0.0,1.0,6.5,9.0,0,0,0.0,0.0,0.0,0.0,0.5,0.5,0.0,4.0,4.5,4.0,3.0,0.5,0.5,0.0,3.0,8.0,0.0,0.0,0.0,0.0,0.0,0.0,1.0,0.5,0.0,0.0,0.0,0.0,0.0,0.0,0.0,0.0,0.0,0.0,0.0,0.0,0.0,0.0,0.0,0.0,3.0,0.5,0.5,0,0.0,0.0,0.0,0.0,0.0
Gap,12,23,False,True,0.0,0.0,0.0,0.0,4.0,0.5,0,0,0.0,0.0,0.0,0.0,0.0,0.0,0.0,1.0,9.5,0.0,0.0,3.0,0.0,0.0,0.5,0.5,0.0,0.0,0.0,0.0,0.0,0.0,0.0,0.0,3.0,0.0,0.0,0.0,0.0,0.0,0.0,0.0,0.0,0.0,0.0,0.0,0.0,0.0,0.0,0.0,0.5,3.0,4.0,0,0.0,0.0,0.0,0.0,0.0
Gap,12,24,True,False,0.0,0.0,0.0,1.5,6.5,0.5,0,0,0.0,0.0,0.0,3.0,0.0,3.0,0.0,4.5,18.0,11.5,7.5,3.0,0.0,0.0,1.0,4.0,0.0,0.0,0.0,0.0,0.0,0.0,1.5,0.0,1.5,0.0,0.0,0.0,0.0,0.0,0.0,0.0,0.0,0.0,0.0,0.0,0.0,0.0,0.0,0.0,0.5,15.0,6.0,0,0.0,0.0,0.0,0.0,0.0
Gap,12,25,False,True,0.0,0.0,0.0,3.5,18.5,15.0,0,0,0.0,0.0,0.0,0.0,3.0,3.0,7.5,0.5,2.5,0.0,3.0,0.5,0.5,0.0,0.0,0.0,0.0,0.0,0.0,0.0,0.5,0.0,2.0,0.0,0.5,0.0,0.0,0.0,0.0,0.0,0.0,0.0,0.0,0.0,0.0,0.5,0.0,0.0,0.0,0.0,3.0,0.5,0.0,0,0.0,0.0,0.0,0.0,0.0
Gap,12,26,True,False,0.0,0.0,0.0,4.0,7.0,8.5,0,0,0.0,0.0,0.0,0.0,0.0,0.0,0.0,5.5,11.0,0.5,3.0,0.5,0.5,0.0,0.0,3.5,0.0,0.0,0.0,0.0,0.0,0.0,1.0,1.0,0.0,0.0,0.0,0.0,0.0,0.0,0.5,0.0,0.0,0.0,0.0,3.0,0.0,0.0,0.0,0.0,0.5,1.5,0.0,0,0.0,0.0,0.0,0.0,0.0
Gap,12,27,False,False,0.0,0.5,0.0,1.0,1.5,4.5,0,0,0.0,0.0,0.0,0.0,0.0,0.0,0.0,1.5,7.0,3.5,15.0,7.5,3.0,0.0,0.0,0.0,0.0,0.0,0.0,0.0,0.0,0.0,0.0,0.0,0.0,0.0,0.5,0.0,0.0,0.0,0.0,0.0,0.0,0.0,0.0,0.0,0.0,0.0,0.0,0.0,0.0,3.5,0.5,0,0.0,0.0,0.0,0.0,0.0
Gap,12,28,True,False,0.0,0.0,0.0,0.5,36.0,58.0,0,0,0.0,0.5,0.5,3.0,0.5,3.0,3.0,31.0,7.5,11.5,7.5,0.5,0.0,0.0,0.0,0.0,0.0,0.0,0.0,0.0,0.0,0.0,8.5,18.0,0.5,0.0,0.0,0.0,0.0,0.0,0.0,0.0,0.0,0.0,0.0,0.0,0.0,0.0,0.0,0.0,3.0,6.5,0.0,0,0.0,0.0,0.0,0.0,0.0
Gap,12,29,False,False,0.0,0.0,0.0,3.5,3.5,25.5,0,0,0.0,0.0,0.0,0.0,1.0,0.5,3.0,2.5,11.0,5.0,35.0,7.5,3.0,0.0,0.5,0.0,0.0,0.0,0.0,0.0,0.0,0.0,1.5,3.5,1.0,0.0,0.0,0.0,0.0,0.0,0.0,0.0,0.0,0.0,0.5,0.0,0.0,0.0,0.0,0.0,4.0,3.0,1.0,0,0.0,0.0,0.0,0.0,0.0
Gap,12,30,True,False,0.0,0.0,0.0,7.5,10.5,15.0,0,0,3.0,0.0,0.0,0.0,0.5,3.0,0.0,4.0,7.5,5.0,55.0,15.0,3.0,0.0,1.0,3.0,0.0,0.0,0.0,0.0,0.0,0.0,1.5,8.0,1.0,0.0,0.0,0.0,0.0,0.0,0.0,0.0,0.0,0.0,0.0,0.0,0.0,0.0,0.0,0.0,7.5,3.5,0.5,0,0.0,0.0,0.0,0.0,0.0
Gap,12,31,False,False,0.0,0.0,0.0,15.5,26.0,36.5,0,0,0.0,0.0,0.0,0.0,0.0,0.0,0.0,4.0,6.5,8.0,0.5,0.5,0.0,0.0,0.0,0.0,0.0,0.0,0.0,0.0,0.0,0.0,3.5,3.0,0.5,0.0,0.0,0.0,0.0,0.0,0.0,0.0,0.0,0.0,0.0,0.0,0.0,0.0,0.0,0.0,3.0,0.5,0.5,0,0.0,0.0,0.0,0.0,0.0
Gap,12,32,True,True,0.0,0.0,0.0,1.0,3.5,3.0,0,0,0.0,0.0,0.0,0.0,0.0,0.0,7.5,3.0,9.0,15.5,7.5,7.5,0.5,0.0,7.5,0.0,0.0,0.0,0.0,0.0,0.0,0.0,0.5,3.5,0.0,0.0,0.0,0.0,0.0,0.0,0.0,0.0,0.0,0.0,0.0,0.0,0.0,0.0,0.0,0.0,7.5,3.0,0.0,0,0.0,0.0,0.0,0.0,0.0
Radial,3,1,False,True,0.5,0.0,0.0,77.0,0.0,48.5,0,0,0.0,0.0,0.0,0.0,0.0,0.0,0.0,1.5,0.0,1.5,7.5,0.0,0.5,0.5,0.0,0.0,0.0,0.0,0.0,0.5,0.0,0.0,35.5,0.0,0.5,0.0,0.0,0.0,0.0,0.0,0.0,0.0,0.0,0.0,0.5,0.0,0.5,0.0,0.0,0.0,7.5,0.0,0.5,0,0.0,0.0,0.0,0.0,0.0
Radial,3,2,False,False,0.0,0.0,0.0,27.0,0.0,26.0,0,0,0.0,0.0,0.0,0.0,0.0,0.0,0.0,1.0,0.0,2.0,0.5,0.0,0.5,3.0,0.0,0.5,0.0,0.0,0.0,0.0,0.0,0.0,4.0,0.0,3.5,0.0,0.0,0.0,0.0,0.0,0.0,0.0,0.0,0.0,0.5,0.0,0.0,0.0,0.0,0.0,3.0,0.0,6.0,0,0.0,0.0,0.0,0.0,0.0
Radial,3,3,False,True,0.0,0.0,0.0,46.5,0.0,55.5,0,0,0.0,0.0,0.0,0.0,0.0,0.0,0.0,3.0,0.0,8.0,0.5,0.0,0.5,3.0,0.0,3.0,0.0,0.0,0.0,0.0,0.0,0.0,3.5,0.0,1.0,0.0,0.0,0.0,0.0,0.0,0.0,0.0,0.0,0.0,0.5,0.0,0.5,0.0,0.0,0.0,3.0,0.0,0.5,0,0.0,0.0,0.0,0.0,0.0
Radial,3,4,False,True,0.5,0.0,0.5,26.5,0.0,46.5,0,0,0.0,0.0,0.0,0.0,0.0,0.0,0.0,1.5,0.0,2.0,3.0,0.0,0.5,0.0,0.0,0.0,0.0,0.0,0.0,0.0,0.0,0.0,4.0,0.0,3.5,0.0,0.0,0.0,0.0,0.0,0.0,0.5,0.0,0.0,3.0,0.0,3.0,0.0,0.0,0.0,3.0,0.0,0.5,0,0.0,0.0,0.0,0.0,0.0
Radial,3,5,False,True,0.5,0.0,0.0,46.5,0.0,55.0,0,0,0.0,0.0,0.0,0.0,0.0,0.0,0.0,9.5,0.0,4.0,0.5,0.0,0.0,0.5,0.0,0.5,0.0,0.0,0.0,3.0,0.0,3.0,3.5,0.0,1.0,0.0,0.0,0.0,0.0,0.0,0.0,0.0,0.0,0.0,0.5,0.0,0.5,0.0,0.0,0.0,15.0,0.0,3.0,0,0.0,0.0,0.0,0.0,0.0
Radial,3,6,False,True,1.0,0.0,0.5,45.5,0.0,55.5,0,0,0.0,0.0,0.0,0.0,0.0,0.0,0.0,10.5,0.0,12.0,3.0,0.0,3.0,7.5,0.0,0.5,0.5,0.0,0.5,0.0,0.0,0.0,1.5,0.0,8.0,0.0,0.0,0.0,0.0,0.0,0.0,0.0,0.0,0.0,0.5,0.0,3.0,0.5,0.0,0.5,3.5,0.0,0.5,0,0.0,0.0,0.0,0.0,0.0
Radial,3,7,False,False,0.5,0.0,0.5,39.0,0.0,46.0,0,0,0.0,0.0,0.0,0.0,0.0,0.0,0.0,5.0,0.0,5.0,45.0,0.0,3.0,0.5,0.0,3.0,0.0,0.0,0.0,0.0,0.0,0.0,3.0,0.0,0.0,0.0,0.0,0.0,0.0,0.0,0.0,0.0,0.0,0.0,0.5,0.0,0.0,0.0,0.0,0.0,0.5,0.0,0.0,0,0.0,0.0,0.0,0.0,0.0
Radial,3,8,False,False,0.0,0.0,0.0,76.0,0.0,56.0,0,0,0.0,0.0,0.0,0.0,0.0,0.0,0.0,4.0,0.0,9.5,0.5,0.0,1.0,3.0,0.0,0.0,0.0,0.0,0.0,0.0,0.0,0.0,1.5,0.0,3.5,0.0,0.0,0.0,0.0,0.0,0.0,0.0,0.0,0.0,0.0,0.0,0.0,0.0,0.0,0.0,0.5,0.0,0.5,0,0.0,0.0,0.0,0.0,0.0
Radial,3,9,False,True,0.5,0.0,0.5,26.0,0.0,25.5,0,0,0.0,0.0,0.0,0.0,0.0,0.0,0.0,6.0,0.0,2.0,3.0,0.0,0.0,25.0,0.0,0.0,0.0,0.0,0.0,0.0,0.0,0.0,1.0,0.0,1.5,0.0,0.0,0.0,0.0,0.0,0.0,0.0,0.0,0.0,0.5,0.0,0.0,0.0,0.0,0.0,35.5,0.0,0.5,0,0.0,0.0,0.0,0.0,0.0
Radial,3,10,False,True,0.0,0.0,0.0,5.0,0.0,25.5,0,0,0.0,0.0,0.0,0.0,0.0,0.0,0.0,2.0,0.0,3.5,3.0,0.0,3.0,0.0,0.0,0.0,0.0,0.0,0.0,0.0,0.0,0.0,15.5,0.0,3.5,0.0,0.0,0.0,0.0,0.0,0.0,0.0,0.0,0.0,0.5,0.0,0.5,0.0,0.0,0.0,25.5,0.0,1.5,0,0.0,0.0,0.0,0.0,0.0
Radial,3,11,False,True,0.0,0.0,0.0,26.0,0.0,55.5,0,0,0.0,0.0,0.0,0.0,0.5,0.0,0.0,1.5,0.0,1.5,3.0,0.0,0.5,0.0,0.0,0.5,0.0,0.0,0.0,0.0,0.0,0.0,25.0,0.0,1.0,0.0,0.0,0.0,0.0,0.0,0.0,0.0,0.0,0.0,0.0,0.0,0.0,0.0,0.0,0.0,15.0,0.0,0.5,0,0.0,0.0,0.0,0.0,0.0
Radial,3,12,False,False,0.5,0.0,0.0,36.0,0.0,26.0,0,0,0.0,0.0,0.0,0.0,0.0,0.0,0.0,2.5,0.0,4.5,3.0,0.0,0.5,0.5,0.0,0.0,0.0,0.0,0.0,0.0,0.0,0.0,0.0,0.0,0.5,0.0,0.0,0.0,0.0,0.0,0.0,0.0,0.0,0.0,0.5,0.0,3.0,0.0,0.0,0.0,3.5,0.0,1.0,0,0.0,0.0,0.5,0.0,0.5
Radial,3,13,False,True,0.5,0.0,0.0,57.0,0.0,75.0,0,0,0.0,0.0,0.0,0.0,0.0,0.0,0.0,1.0,0.0,0.5,0.5,0.0,0.5,3.0,0.0,0.5,0.0,0.0,0.0,0.0,0.0,0.0,15.5,0.0,1.5,0.0,0.0,0.0,0.0,0.0,0.0,0.0,0.0,0.0,0.5,0.0,0.5,0.0,0.0,0.0,0.5,0.0,0.5,0,0.0,0.0,0.0,0.0,0.0
Radial,3,14,False,True,0.0,0.0,0.0,26.0,0.0,65.5,0,0,0.0,0.0,0.0,0.0,0.0,0.0,0.0,3.0,0.0,2.5,7.5,0.0,3.0,0.0,0.0,0.0,0.0,0.0,0.0,0.0,0.0,0.0,36.5,0.0,3.5,0.0,0.0,0.0,0.0,0.0,0.0,0.0,0.0,0.0,0.0,0.0,0.5,0.0,0.0,0.0,7.5,0.0,3.0,0,0.0,0.0,0.0,0.0,0.0
Radial,3,15,False,False,0.0,0.0,0.0,46.5,0.0,36.0,0,0,0.0,0.0,0.0,0.0,0.0,0.0,0.0,1.0,0.0,7.5,3.0,0.0,3.0,0.5,0.0,0.5,0.0,0.0,0.0,0.0,0.0,0.0,15.0,0.0,3.5,0.0,0.0,0.0,0.0,0.0,0.0,0.0,0.0,0.0,0.5,0.0,0.0,0.0,0.0,0.0,3.0,0.0,0.5,0,0.0,0.0,0.0,0.0,0.0
Radial,3,16,False,True,0.5,0.0,0.5,8.5,0.0,25.0,0,0,0.0,0.0,0.0,0.0,0.0,0.0,0.0,1.0,0.0,3.0,15.0,0.0,3.0,0.0,0.0,0.0,0.0,0.0,0.0,0.0,0.0,0.0,26.0,0.0,11.0,0.0,0.0,0.0,0.0,0.0,0.0,0.0,0.0,0.0,0.0,0.0,0.0,0.0,0.0,0.0,15.0,0.0,3.0,0,0.0,0.0,0.0,0.0,0.0
Radial,5,1,False,False,0.0,0.0,0.0,36.0,45.5,36.0,0,0,0.0,0.0,0.0,0.0,3.0,3.0,0.0,3.0,4.5,2.5,0.5,0.5,0.5,1.0,0.5,1.5,0.0,0.0,0.0,0.0,0.0,0.0,0.5,8.0,1.5,0.0,0.0,0.0,0.0,0.0,0.0,0.0,0.0,0.0,0.5,3.0,0.5,0.0,0.0,0.0,1.0,3.0,0.5,0,0.0,0.0,0.0,0.0,0.0
Radial,5,2,False,False,0.0,0.0,0.0,39.0,25.0,26.0,0,0,0.0,0.0,0.0,0.0,0.5,0.0,0.5,2.5,2.0,3.5,3.0,0.5,1.0,0.0,0.5,0.0,0.5,3.0,3.0,0.0,0.0,0.0,0.5,6.0,4.0,0.0,0.0,0.0,0.0,0.0,0.0,0.0,0.0,0.0,0.5,0.5,0.5,0.0,0.0,0.0,1.5,0.0,1.0,0,0.0,0.0,0.0,0.0,0.0
Radial,5,3,False,True,0.5,0.0,0.5,2.0,25.0,46.0,0,0,0.0,0.0,0.0,0.0,0.5,0.5,0.5,3.0,6.0,1.5,0.5,0.5,1.0,1.0,0.0,0.5,0.0,0.5,0.5,0.0,0.0,0.0,1.0,16.0,1.5,0.0,0.0,0.0,0.0,0.0,0.0,0.0,0.0,0.0,0.5,0.0,0.5,0.0,0.0,0.0,3.5,0.5,1.5,0,0.0,0.0,0.0,0.0,0.0
Radial,5,4,False,True,0.0,0.0,0.0,68.5,55.0,55.5,0,0,0.0,0.0,0.0,0.0,0.5,0.5,0.5,2.5,1.5,1.0,0.5,0.5,4.0,3.0,1.5,0.0,3.0,3.0,0.5,0.0,0.0,0.0,3.5,6.0,4.0,0.0,0.0,0.0,0.0,0.0,0.0,0.0,0.0,0.0,0.5,0.5,0.5,0.0,0.0,0.0,1.5,0.5,1.0,0,0.0,0.0,0.0,0.0,0.0
Radial,5,5,False,True,0.0,0.0,0.0,26.0,25.5,25.0,0,0,0.0,0.0,0.0,0.0,0.0,0.0,0.0,3.5,3.0,4.0,3.0,7.5,0.5,0.0,0.0,0.0,0.0,0.0,0.0,0.0,0.0,0.0,1.0,3.5,1.5,0.0,0.0,0.0,0.0,0.0,0.0,0.0,0.0,0.0,0.5,0.0,3.0,0.0,0.0,0.0,15.0,1.0,4.0,0,0.0,0.0,0.0,0.0,0.0
Radial,5,6,False,False,0.0,0.0,0.0,0.0,0.0,1.5,0,0,0.0,0.0,0.0,0.0,0.5,0.0,0.0,2.0,1.5,2.5,3.0,0.5,0.5,0.0,0.0,0.0,0.0,0.0,0.0,0.0,0.0,0.0,8.0,3.5,4.5,0.0,0.0,0.0,0.0,0.0,0.0,0.0,0.0,0.0,0.0,0.0,0.5,0.0,0.0,0.0,25.5,0.0,4.0,0,0.0,0.0,0.0,0.0,0.0
Radial,5,7,False,True,0.0,0.0,0.0,0.5,0.0,0.5,0,0,0.0,0.0,0.0,0.0,0.0,0.0,0.0,9.0,3.5,2.5,35.0,25.0,3.0,0.0,0.0,0.0,0.0,0.0,0.0,0.0,0.0,0.0,3.0,6.0,4.0,0.0,0.0,0.0,0.0,0.0,0.0,0.0,0.0,0.0,0.5,0.0,7.5,0.0,0.0,0.0,25.0,0.0,8.0,0,0.0,0.0,0.0,0.0,0.0
Radial,5,8,False,True,0.0,0.0,0.0,29.5,25.5,48.0,0,0,0.0,0.0,0.0,0.0,0.0,0.0,0.0,4.5,3.0,1.0,7.5,25.0,1.0,6.0,1.0,0.0,0.0,15.0,3.0,0.0,0.0,0.0,4.0,6.5,3.5,0.0,0.0,0.0,0.0,0.0,0.0,0.0,0.0,0.0,0.5,0.0,0.5,0.0,0.0,0.0,0.5,0.0,0.5,0,0.0,0.0,0.0,0.0,0.0
Radial,5,9,False,False,0.0,0.0,0.0,26.5,38.5,56.0,0,0,0.0,0.0,0.0,0.0,0.0,0.0,0.0,3.0,11.0,2.5,15.0,7.5,3.0,0.0,0.0,0.0,0.0,3.0,0.5,0.0,0.0,0.0,1.5,4.0,3.0,0.0,0.0,0.0,0.0,0.0,0.0,0.0,0.0,0.0,0.5,0.0,0.5,0.0,0.0,0.0,15.0,0.0,3.0,0,0.0,0.0,0.0,0.0,0.0
Radial,5,10,False,True,0.5,0.5,0.5,16.0,15.5,15.5,0,0,0.0,0.0,0.0,0.0,0.0,0.0,0.0,10.5,9.5,6.0,65.0,65.0,1.0,0.0,0.5,0.0,3.0,3.0,0.5,0.0,0.5,0.0,4.0,8.5,8.0,0.0,0.0,0.0,0.5,0.0,0.0,0.0,0.0,0.0,0.5,0.0,0.5,0.0,0.0,0.0,1.5,0.0,6.5,0,0.0,0.0,0.0,0.0,0.0
Radial,5,11,False,True,0.5,0.5,0.5,66.5,45.5,75.0,0,0,0.0,0.0,0.0,0.0,0.0,0.0,0.0,6.0,3.0,4.5,15.0,3.0,18.0,0.5,0.0,0.5,0.5,0.0,0.0,0.0,0.0,0.0,8.5,10.5,1.0,0.0,0.0,0.0,0.0,0.0,0.0,0.0,0.0,0.0,0.5,0.0,3.0,0.0,0.0,0.0,0.5,0.5,1.0,0,0.0,0.0,0.0,0.0,0.0
Radial,5,12,False,True,0.5,0.0,0.0,65.0,0.0,0.0,0,0,0.0,0.0,0.0,0.0,3.0,0.5,0.0,4.5,1.0,0.0,25.0,0.0,0.0,3.0,0.0,0.0,0.0,0.0,0.0,0.0,0.0,0.0,15.5,0.0,0.0,0.0,0.0,0.0,0.0,0.0,0.0,0.0,0.0,0.0,0.0,0.0,0.0,0.0,0.0,0.0,1.0,0.5,0.0,0,0.0,0.0,0.0,0.0,0.0
Radial,5,13,False,True,0.5,0.0,0.0,46.0,55.5,55.0,0,0,0.0,0.0,0.0,0.0,0.5,0.0,0.0,2.0,2.0,8.0,25.0,35.0,7.5,0.5,0.5,0.0,0.5,0.0,0.0,0.0,0.0,0.0,3.5,1.0,1.0,0.0,0.0,0.0,0.0,0.0,0.0,0.0,0.0,0.0,0.5,0.0,3.0,0.0,0.0,0.0,8.0,0.0,8.5,0,0.0,0.0,0.0,0.0,0.0
Radial,5,14,False,True,0.5,0.0,0.5,26.5,35.0,25.5,0,0,0.0,0.0,0.0,0.0,0.0,0.0,0.0,3.0,3.0,7.5,15.0,0.5,3.0,0.5,0.0,0.0,0.0,0.5,0.5,0.0,0.0,0.0,4.0,1.5,3.5,0.0,0.0,0.0,0.0,0.0,0.0,0.0,0.0,0.0,0.5,0.0,0.5,0.0,0.0,0.0,15.0,0.0,3.5,0,0.0,0.0,0.0,0.0,0.0
Radial,5,15,False,True,0.0,0.0,0.5,25.5,36.0,25.0,0,0,0.0,0.0,0.0,0.0,0.0,0.0,0.0,0.5,2.5,1.5,0.5,3.0,3.5,0.0,0.0,0.0,0.0,0.0,0.5,0.0,0.0,0.0,0.5,3.5,4.0,0.0,0.0,0.0,0.0,0.0,0.0,0.0,0.0,0.0,0.0,0.0,0.5,0.0,0.0,0.0,7.5,0.0,1.0,0,0.0,0.0,0.0,0.0,0.0
Radial,5,16,False,True,0.0,0.0,0.5,71.5,75.0,75.0,0,0,0.0,0.0,0.0,0.0,0.0,0.5,0.0,2.0,3.0,4.0,15.0,7.5,4.0,0.0,0.0,0.0,0.0,0.0,0.0,0.0,0.0,0.0,3.5,4.0,1.5,0.0,0.0,0.0,0.0,0.0,0.0,0.0,0.0,0.0,0.5,0.0,3.0,0.0,0.0,0.0,8.0,0.0,0.5,0,0.0,0.0,0.0,0.0,0.0
Radial,7,1,False,False,0.0,0.0,0.0,4.5,4.0,1.0,0,0,0.0,0.0,0.0,0.0,0.5,3.0,0.0,1.5,2.5,5.5,3.0,15.0,6.0,0.0,0.0,0.0,0.0,0.0,0.0,0.0,0.0,0.0,8.0,10.5,1.5,0.0,0.0,0.0,0.0,0.0,0.0,0.0,0.0,0.0,0.5,0.0,0.0,0.0,0.0,0.0,15.0,3.0,0.5,0,0.0,0.0,0.0,0.0,0.0
Radial,7,2,True,True,0.0,0.0,0.0,0.5,0.0,1.0,0,0,0.0,0.0,0.0,0.0,0.0,0.0,0.0,2.0,3.0,2.5,0.5,0.0,0.5,0.0,0.5,3.5,0.0,0.0,0.0,0.0,0.0,0.0,0.5,0.0,0.5,0.0,0.0,0.0,0.0,0.0,0.5,0.0,0.0,0.0,0.0,0.0,0.0,0.0,0.0,3.0,0.5,7.5,10.5,0,0.0,0.0,0.5,0.5,0.5
Radial,7,3,False,True,0.0,0.0,0.0,0.0,3.0,0.0,0,0,0.0,0.0,0.0,0.0,0.0,0.0,0.0,1.5,7.5,1.5,0.5,0.5,0.5,0.0,0.0,0.0,0.0,0.0,0.0,0.0,0.0,0.0,0.5,8.0,3.0,0.0,0.0,0.0,0.0,0.0,0.0,0.0,0.0,0.0,0.0,0.0,0.0,0.0,0.0,0.0,0.5,3.0,0.5,0,0.0,0.0,0.0,0.0,0.0
Radial,7,4,True,True,0.0,0.0,0.0,1.0,1.0,0.0,0,0,0.0,0.0,0.0,0.0,0.0,0.0,0.0,2.0,10.5,1.0,3.0,7.5,0.5,0.0,0.0,0.5,0.0,0.0,0.0,0.0,0.0,0.0,0.0,3.5,0.5,0.0,0.0,0.0,0.0,0.0,0.0,0.0,0.0,0.0,0.0,0.0,0.0,0.0,0.0,0.0,3.0,7.5,9.0,0,0.0,0.0,0.0,0.0,0.0
Radial,7,5,False,False,0.0,0.0,0.0,1.5,0.5,0.5,0,0,0.0,0.0,0.0,0.0,0.0,0.0,0.0,2.0,7.5,2.0,0.5,3.0,3.0,0.0,0.0,0.0,0.0,0.0,0.0,0.0,0.0,0.0,0.5,3.0,1.5,0.0,0.0,0.0,0.0,0.0,0.0,0.0,0.0,0.0,0.0,0.0,0.0,0.0,0.0,0.0,3.0,3.0,0.5,0,0.0,0.0,0.0,0.0,0.0
Radial,7,6,True,False,0.0,0.0,0.5,1.5,4.0,0.5,0,0,0.0,0.0,0.0,0.0,0.0,0.0,0.0,2.5,13.5,16.0,0.5,0.0,0.5,0.0,0.0,0.0,0.0,0.0,0.0,0.5,0.0,0.0,1.5,6.5,1.0,0.0,0.0,0.0,0.0,0.0,0.0,0.0,0.0,0.0,0.0,0.0,0.0,0.0,0.0,0.0,8.0,10.5,3.5,0,0.0,0.0,0.0,0.0,0.0
Radial,7,7,False,True,0.0,0.5,0.0,0.0,1.5,0.5,0,0,0.0,0.0,0.0,0.0,3.0,3.0,0.0,1.5,8.0,4.5,0.5,3.0,3.5,0.0,0.0,0.0,0.0,0.0,0.0,0.0,0.0,0.0,0.5,0.5,1.5,0.0,0.0,0.0,0.0,0.0,0.0,0.0,0.0,0.0,0.0,0.0,0.0,0.0,0.0,0.0,15.5,0.5,7.5,0,0.0,0.0,0.0,0.0,0.0
Radial,7,8,True,True,0.0,0.0,0.0,0.5,1.0,0.5,0,0,0.0,0.0,0.0,0.0,0.0,0.0,0.0,0.5,7.0,1.0,0.5,7.5,0.5,0.0,0.0,0.0,0.0,0.0,0.0,0.0,0.0,0.0,1.0,58.0,1.0,0.0,0.0,0.0,0.0,0.0,0.5,0.0,0.0,0.0,0.0,0.0,0.0,0.0,0.0,0.0,7.5,18.0,0.5,0,0.0,0.5,0.5,0.5,0.5
Radial,7,9,False,False,0.0,0.0,0.0,0.5,3.5,0.5,0,0,0.0,0.0,0.0,0.0,0.5,0.0,0.0,3.5,9.0,2.5,0.5,0.5,0.5,0.0,0.0,0.0,0.0,0.0,0.0,0.0,0.0,0.0,3.5,7.5,1.0,0.0,0.0,0.0,0.0,0.0,0.0,0.0,0.0,0.0,0.0,0.0,0.0,0.0,0.0,0.0,25.5,7.5,3.0,0,0.0,0.0,0.0,0.0,0.0
Radial,7,10,True,True,0.0,0.0,0.0,2.0,2.0,3.0,0,0,0.0,0.0,0.0,0.0,0.0,25.0,0.0,1.5,8.5,1.5,0.5,7.5,3.0,0.0,0.0,50.0,0.0,0.0,0.0,0.0,0.0,0.0,4.0,48.5,1.5,0.0,0.0,0.0,0.0,0.0,0.0,0.0,0.0,0.0,0.0,0.0,0.0,0.0,0.0,0.0,3.0,6.0,8.0,0,0.0,0.0,0.0,0.0,0.0
Radial,7,11,False,False,0.0,0.0,0.0,2.0,3.0,0.0,0,0,0.0,0.0,0.0,0.0,0.0,0.5,0.0,2.0,2.5,8.0,0.5,0.5,0.5,0.0,0.0,0.5,0.0,0.0,0.0,0.0,0.0,0.0,1.0,0.5,0.5,0.0,0.0,0.0,0.0,0.0,0.0,0.0,0.0,0.0,0.5,0.0,0.0,0.0,0.0,0.0,3.0,3.0,0.5,0,0.0,0.0,0.0,0.0,0.0
Radial,7,12,True,True,0.0,0.0,0.0,1.5,0.5,0.5,0,0,0.0,0.0,0.0,0.0,0.0,0.0,0.0,1.5,18.5,1.0,3.0,15.0,0.5,0.0,0.0,0.5,0.0,0.0,0.0,0.0,0.0,0.0,8.0,3.0,0.5,0.0,0.0,0.0,0.0,0.0,0.0,0.0,0.0,0.0,0.0,0.0,0.0,0.0,0.0,0.0,35.0,15.0,0.5,0,0.0,0.0,0.0,0.0,0.0
Radial,7,13,False,True,0.0,0.0,0.0,1.0,1.0,0.5,0,0,0.0,0.0,0.0,0.0,0.0,0.0,0.0,4.5,8.0,1.5,0.5,3.0,3.0,0.0,0.0,0.0,0.0,0.0,0.0,0.0,0.0,0.0,1.0,0.0,0.5,0.0,0.0,0.0,0.0,0.0,0.0,0.0,0.0,0.0,0.0,0.0,0.0,0.0,0.0,0.0,7.5,1.5,0.5,0,0.0,0.0,0.0,0.0,0.0
Radial,7,14,True,True,0.0,0.0,0.0,1.5,7.0,3.0,0,0,0.0,0.0,0.0,0.0,0.0,0.0,7.5,3.0,18.5,7.5,0.5,15.0,25.0,0.0,0.0,7.5,0.0,0.0,0.0,0.0,0.0,0.0,0.5,1.0,0.0,0.0,0.5,0.0,0.0,0.0,0.0,0.0,0.0,0.0,0.0,0.0,0.0,0.0,0.0,0.0,3.5,35.5,10.5,0,0.0,0.0,0.0,0.0,0.0
Radial,7,15,False,True,0.0,0.0,0.0,1.0,0.5,1.0,0,0,0.0,0.0,0.0,0.0,0.0,3.0,3.0,6.5,5.0,2.5,25.0,45.0,35.0,0.0,3.0,0.0,0.0,0.0,0.0,0.0,0.0,0.0,1.5,0.5,1.0,0.0,0.5,0.0,0.0,0.0,0.0,0.0,0.0,0.0,0.0,0.0,0.0,0.0,0.0,0.0,35.0,0.5,10.5,0,0.0,0.0,0.0,0.0,0.0
Radial,7,16,True,False,0.0,0.0,0.0,1.5,1.5,1.0,0,0,0.0,0.0,0.0,0.0,3.0,3.0,7.5,5.5,9.5,4.0,0.5,3.0,3.0,0.0,0.0,3.0,0.0,0.0,0.0,0.0,0.0,0.0,4.0,0.5,0.5,0.0,0.0,0.0,0.0,0.0,0.0,0.0,0.0,0.0,0.0,0.0,0.0,0.0,0.0,0.0,7.5,7.5,18.0,0,0.0,0.0,0.0,0.0,0.0
Radial,7,17,False,False,0.0,0.0,0.0,1.5,0.5,0.5,0,0,0.0,0.0,0.0,0.0,0.0,0.0,0.0,1.5,16.5,4.5,0.5,0.0,0.5,0.5,0.0,0.0,0.0,0.0,0.0,0.0,0.0,0.0,1.0,3.0,0.5,0.0,0.0,0.0,0.0,0.0,0.0,0.0,0.0,0.0,0.0,0.0,0.0,0.0,0.0,0.0,35.5,8.0,3.5,0,0.0,0.0,0.0,0.0,0.0
Radial,7,18,True,True,0.0,0.5,0.5,1.5,4.0,1.5,0,0,0.0,0.0,0.0,0.0,3.0,45.5,0.0,2.0,26.0,2.0,0.5,0.5,0.5,0.0,0.0,55.0,0.0,0.0,0.0,0.5,0.0,0.0,1.0,1.0,1.5,0.0,0.0,0.0,0.0,0.0,0.0,0.0,0.0,0.0,0.0,0.0,0.0,0.0,0.0,0.0,3.0,15.0,1.0,0,0.0,0.0,0.0,0.0,0.0
Radial,7,19,False,True,0.0,0.0,0.0,0.5,1.0,3.0,0,0,0.0,0.0,0.0,0.0,0.0,0.0,0.0,0.0,2.5,4.5,0.5,0.5,0.0,0.0,0.0,75.0,0.0,0.0,0.0,0.0,0.0,0.0,1.0,0.0,1.0,0.0,0.0,0.0,0.0,0.0,0.0,0.0,0.0,0.0,0.0,0.0,0.0,0.0,0.0,0.0,7.5,7.5,3.5,0,0.0,0.0,0.0,0.0,0.0
Radial,7,20,True,True,0.0,0.0,0.0,1.5,3.5,4.0,0,0,0.0,0.0,0.0,0.0,0.0,0.0,0.0,4.5,7.5,8.0,0.5,0.0,0.5,0.0,0.0,85.0,0.0,0.0,0.0,0.0,0.0,0.0,0.5,3.5,1.5,0.0,0.0,0.0,0.0,0.0,0.0,0.0,0.0,0.0,0.0,0.0,0.0,0.0,0.0,0.0,3.0,7.5,3.5,0,0.0,0.0,0.0,0.0,0.0
Radial,7,21,False,False,0.0,0.0,0.0,1.5,4.0,0.5,0,0,0.0,0.0,0.0,0.0,0.5,0.0,0.0,16.0,29.5,4.5,0.5,0.0,0.5,0.5,0.5,65.0,0.0,0.0,0.0,0.0,0.0,0.0,25.5,3.0,0.0,0.0,0.0,0.0,0.0,0.0,0.0,0.0,0.0,0.0,0.0,3.0,0.0,0.0,0.0,0.0,55.0,8.0,3.0,0,0.0,0.0,0.0,0.0,0.0
Radial,7,22,True,False,0.0,0.0,0.0,1.5,1.0,0.0,0,0,0.0,0.0,0.0,0.0,0.0,0.0,0.0,1.5,4.5,3.5,0.5,0.5,3.0,0.5,0.0,0.0,0.0,0.0,0.0,0.0,0.0,0.0,1.0,0.0,0.5,0.0,0.0,0.0,0.0,0.0,0.0,0.0,0.0,0.0,0.0,0.0,0.0,0.0,0.0,0.0,3.0,3.0,1.0,0,0.0,0.0,0.0,0.0,0.0
Radial,7,23,False,False,0.0,0.0,0.0,0.5,0.5,0.5,0,0,0.0,0.0,0.0,0.0,0.5,3.0,0.0,2.0,7.0,2.0,0.5,0.5,0.5,0.5,0.5,1.0,0.0,0.0,0.0,0.0,0.0,0.0,8.0,3.0,0.5,0.0,0.0,0.0,0.0,0.0,0.0,0.0,0.0,0.0,0.0,0.0,0.0,0.0,0.0,0.5,15.0,15.0,1.0,0,0.0,0.0,0.0,0.0,0.0
Radial,7,24,True,False,0.0,0.0,0.0,1.0,3.5,0.5,0,0,0.0,0.0,0.0,0.0,0.0,0.0,0.0,1.0,5.5,1.5,0.5,0.5,0.5,0.0,0.0,0.0,0.0,0.0,0.0,0.0,0.0,0.0,0.5,0.5,1.0,0.0,0.0,0.0,0.0,0.0,0.0,0.0,0.0,0.0,0.0,0.0,0.0,0.0,0.0,0.0,0.5,0.5,0.5,0,0.0,0.0,0.0,0.0,0.0
Radial,7,25,False,False,0.0,0.0,0.0,2.5,1.0,0.5,0,0,0.0,0.0,0.0,0.0,7.5,0.0,0.0,1.5,4.5,4.0,0.0,0.5,0.5,0.0,0.0,0.5,0.0,0.0,0.0,0.5,0.5,0.5,1.0,7.5,1.0,0.0,0.0,0.0,0.0,0.0,0.0,0.0,0.0,0.0,0.0,0.0,0.0,0.0,0.0,0.0,7.5,8.0,1.0,0,0.0,0.0,0.0,0.0,0.0
Radial,7,26,True,True,0.0,0.0,0.0,2.0,0.5,3.5,0,0,0.0,0.0,0.0,0.0,0.0,3.0,0.0,3.5,9.0,1.0,7.5,7.5,0.5,0.0,0.5,51.0,0.0,0.0,0.0,0.0,0.0,0.0,1.5,1.0,0.5,0.0,0.0,0.0,0.0,0.0,0.0,0.0,0.0,0.5,0.0,0.0,0.0,0.0,0.0,0.0,58.0,25.0,3.0,0,0.0,0.0,0.0,0.0,0.0
Radial,7,27,False,True,0.5,0.0,0.0,2.0,3.0,0.5,0,0,0.0,0.0,0.0,0.0,1.0,0.0,0.0,2.5,4.5,8.0,35.0,25.0,15.0,0.0,0.0,3.0,0.0,0.0,0.0,0.0,0.0,0.0,15.5,15.5,0.5,0.0,0.0,0.0,0.0,0.0,0.0,0.0,0.0,0.0,0.0,0.0,0.0,0.0,0.0,0.0,25.0,7.5,0.0,0,0.0,0.0,0.0,0.0,0.0
Radial,7,28,True,True,0.0,0.0,0.0,1.5,1.5,0.5,0,0,0.0,0.0,0.0,0.0,0.5,0.5,0.0,2.0,4.0,1.0,0.5,3.0,0.5,0.0,0.0,0.5,0.0,0.0,0.0,0.0,0.0,0.0,0.5,0.5,0.0,0.0,0.0,0.0,0.0,0.0,0.0,0.0,0.0,0.0,0.0,0.5,0.0,0.0,0.0,0.0,3.0,15.0,0.5,0,0.0,0.0,0.5,3.0,0.5
Radial,7,29,False,True,0.0,0.0,0.0,0.5,0.5,0.0,0,0,0.0,0.0,0.0,0.0,0.5,3.0,0.0,2.0,9.5,4.0,0.0,3.0,0.5,0.0,0.0,0.5,0.0,0.0,0.0,0.0,0.0,0.0,4.0,3.0,8.0,0.0,0.0,0.0,0.0,0.0,0.0,0.0,0.0,0.0,0.0,0.5,0.0,0.0,0.0,0.0,7.5,3.0,0.5,0,0.0,0.0,0.0,0.0,0.0
Radial,7,30,True,True,0.0,0.0,0.0,2.0,6.0,3.5,0,0,0.0,0.0,0.0,0.0,8.0,45.0,0.0,3.0,19.0,3.0,15.0,3.0,0.5,0.0,0.0,45.5,0.0,0.0,0.0,0.0,0.0,0.0,1.0,18.0,3.5,0.0,0.0,0.0,0.0,0.0,0.0,0.0,0.0,0.0,0.0,0.0,0.0,0.0,0.0,0.0,0.0,0.5,0.5,0,0.0,0.0,0.0,0.0,0.0
Radial,7,31,False,True,0.0,0.0,0.0,1.0,0.5,0.0,0,0,0.0,0.0,0.0,0.0,25.0,35.0,0.0,4.5,16.5,1.0,0.0,3.0,0.5,0.5,0.0,0.5,0.0,0.0,0.0,0.0,0.0,0.0,3.5,15.0,1.0,0.0,0.0,0.0,0.0,0.0,0.0,0.0,0.0,0.0,0.0,0.0,0.0,0.0,0.0,0.0,25.0,3.5,3.0,0,0.0,0.0,0.0,0.0,0.0
Radial,7,32,True,False,0.0,0.0,0.0,1.5,0.5,0.5,0,0,0.0,0.0,0.0,0.0,0.0,0.0,0.0,7.0,7.5,7.0,25.0,25.0,0.0,0.0,0.0,0.0,0.0,0.0,0.0,0.0,0.0,0.0,35.0,8.0,1.0,0.0,0.5,0.0,0.0,0.0,0.0,0.0,0.0,0.0,0.5,0.0,0.0,0.0,0.0,0.0,15.5,7.0,3.5,0,0.0,0.0,0.0,0.0,0.0
Radial,9,1,False,False,0.0,0.0,0.0,4.5,3.5,1.0,0,0,0.0,0.0,0.0,0.0,0.5,0.5,0.0,13.0,5.0,7.5,15.0,0.5,0.5,0.0,0.0,0.0,0.0,0.0,0.0,0.0,0.0,0.0,4.0,8.0,0.5,0.0,0.0,0.0,0.5,0.0,0.0,0.0,0.0,0.0,0.0,0.0,0.0,0.0,0.0,0.0,18.0,6.5,1.0,0,0.0,0.0,0.0,0.0,0.0
Radial,9,2,True,True,0.0,0.0,0.0,1.0,14.0,0.5,0,0,0.0,0.0,0.0,0.0,0.5,0.0,0.0,4.5,17.5,1.0,3.0,7.5,3.0,0.0,0.5,0.0,0.0,0.0,0.0,0.0,0.0,0.0,1.0,1.0,0.5,0.0,0.0,0.0,0.0,0.0,0.0,0.5,0.0,0.0,0.0,0.0,0.0,0.0,0.0,0.0,7.5,8.0,0.5,0,0.0,0.0,0.0,0.0,0.0
Radial,9,3,False,True,0.0,0.0,0.0,1.0,1.0,26.5,0,0,0.0,0.0,0.0,0.0,3.0,3.0,0.5,13.0,20.5,4.0,7.5,45.0,3.0,0.0,0.0,0.0,0.0,0.0,0.0,0.0,0.0,0.0,0.5,1.0,1.0,0.0,0.0,0.0,0.0,0.0,0.0,0.0,0.0,0.0,3.0,0.5,0.0,0.0,0.0,0.0,3.0,3.5,3.0,0,0.0,0.0,3.0,3.0,3.0
Radial,9,4,True,True,0.0,0.0,0.0,1.5,13.5,20.0,0,0,0.0,0.0,0.0,0.0,7.5,7.5,0.0,5.5,10.5,3.5,3.0,3.0,0.0,0.0,0.0,70.0,0.0,0.0,0.0,0.0,0.0,0.0,1.0,0.5,0.5,0.0,0.0,0.0,0.0,0.0,0.0,0.0,0.0,0.0,0.0,0.0,0.0,0.0,0.0,0.0,0.5,3.0,0.0,0,0.0,0.0,0.0,0.0,0.0
Radial,9,5,False,False,0.0,0.0,0.0,8.5,24.0,0.5,0,0,0.0,0.0,0.0,0.0,0.0,0.0,0.0,2.0,8.0,1.0,7.5,7.5,3.0,0.0,0.0,0.0,0.0,0.0,0.0,0.0,0.0,0.0,8.5,3.5,1.0,0.0,0.0,0.0,0.0,0.0,0.0,0.0,0.0,0.0,0.0,0.0,0.0,0.0,0.0,0.0,3.0,3.0,0.5,0,0.0,0.0,0.0,0.0,0.0
Radial,9,6,True,True,0.0,0.0,0.0,4.5,6.5,3.5,0,0,0.0,0.0,0.0,0.0,0.0,0.0,0.0,10.0,10.5,19.0,55.0,25.0,3.0,0.0,0.0,3.0,0.0,0.0,0.0,0.0,0.0,0.0,0.5,3.0,0.0,0.0,0.0,0.0,0.0,0.0,0.0,0.0,0.0,0.0,0.0,0.0,0.0,0.0,0.0,0.0,1.0,0.5,3.0,0,0.0,0.0,0.0,0.0,0.0
Radial,9,7,False,True,0.0,0.0,0.0,2.0,4.5,3.0,0,0,0.0,0.0,0.0,0.0,3.0,3.0,0.0,1.5,5.0,1.0,0.5,3.0,0.5,0.0,0.0,3.0,0.0,0.0,0.0,0.0,0.0,0.0,3.0,7.5,0.5,0.0,0.0,0.0,0.0,0.0,0.0,0.0,0.0,0.0,0.0,0.0,0.0,0.0,0.0,0.0,0.5,1.0,0.5,0,0.0,0.0,0.0,0.0,0.0
Radial,9,8,True,True,0.0,0.0,0.0,11.0,6.5,15.0,0,0,0.0,0.0,0.0,0.0,7.5,25.0,0.0,5.5,2.0,1.0,15.0,0.5,15.0,0.0,0.0,25.0,0.0,0.0,0.0,0.0,0.0,0.0,0.5,0.5,0.0,0.0,0.0,0.0,0.0,0.0,0.0,0.0,0.0,0.0,0.0,0.0,0.0,0.0,0.0,0.0,1.0,8.0,3.0,0,0.0,0.0,0.0,0.0,0.0
Radial,9,9,False,True,0.0,0.0,0.0,2.0,1.5,0.5,0,0,0.0,0.0,0.0,0.0,0.0,0.0,0.0,6.5,13.0,1.5,15.0,25.0,15.0,0.0,0.0,0.0,0.0,0.0,0.0,0.0,0.0,0.0,36.5,4.0,0.5,0.0,0.0,0.0,0.0,0.0,0.0,0.0,0.0,0.0,0.0,0.0,0.0,0.0,0.0,0.0,0.5,8.0,0.5,0,0.0,0.0,0.0,0.0,0.0
Radial,9,10,True,False,0.5,0.0,0.0,4.0,1.5,3.0,0,0,0.0,0.0,0.0,0.0,0.0,0.0,0.0,9.0,19.0,1.5,45.0,3.0,1.0,0.0,0.0,0.0,0.0,0.0,0.0,0.0,0.0,0.0,7.5,35.0,0.5,0.0,0.0,0.0,0.0,0.0,0.0,0.0,0.0,0.0,0.0,0.0,0.0,0.0,0.0,0.0,3.0,3.0,7.5,0,0.0,0.0,0.0,0.0,0.0
Radial,9,11,False,True,0.0,0.0,0.0,4.0,3.0,0.0,0,0,0.0,0.0,0.0,0.0,0.0,0.0,0.0,1.0,3.5,1.5,0.5,15.0,3.0,0.0,0.0,0.0,0.0,0.0,0.0,0.0,0.0,0.0,0.0,1.0,0.5,0.0,0.0,0.0,0.0,0.0,0.0,0.0,0.0,0.0,0.0,0.5,0.0,0.0,0.0,0.0,0.5,1.5,0.5,0,0.0,0.0,0.0,0.0,0.0
Radial,9,12,True,True,0.5,0.5,0.0,16.0,15.0,26.0,0,0,0.0,0.0,0.0,0.0,0.0,0.0,0.0,1.5,5.0,6.0,3.0,3.0,0.5,0.0,0.0,0.0,0.0,0.0,0.0,0.0,0.0,0.0,1.5,8.0,1.0,0.0,0.0,0.0,0.0,0.0,0.0,0.0,0.0,0.0,0.0,0.0,0.0,0.0,0.0,0.0,25.0,3.0,1.0,0,0.0,0.0,0.0,0.0,0.0
Radial,9,13,False,True,0.0,0.0,0.0,1.5,0.5,0.5,0,0,0.0,0.0,0.0,0.0,0.0,0.0,0.0,2.0,1.5,0.5,0.5,0.0,0.0,0.0,0.0,0.0,0.0,0.0,0.0,0.0,0.0,0.0,0.5,0.5,0.5,0.0,0.0,0.0,0.0,0.0,0.0,0.0,0.0,0.0,0.0,0.0,0.0,0.0,0.0,0.0,0.0,3.0,0.5,0,0.0,0.0,0.0,0.0,0.0
Radial,9,14,True,False,0.0,0.0,0.0,1.0,1.5,1.5,0,0,0.0,0.0,0.0,0.0,15.0,3.0,0.0,4.5,10.0,5.5,15.0,3.0,3.0,0.0,3.5,9.0,0.0,0.0,0.0,0.0,0.0,0.0,8.0,15.5,1.0,0.0,0.0,0.0,0.0,0.0,0.0,0.0,0.0,0.0,0.0,0.0,0.0,0.0,0.0,0.0,15.0,0.5,1.0,0,0.0,0.0,0.0,0.0,0.0
Radial,9,15,False,False,0.0,0.0,0.0,1.5,3.5,0.5,0,0,0.0,0.0,0.0,0.0,0.0,0.0,0.0,5.0,7.5,3.0,0.5,0.5,0.0,0.0,0.0,0.0,0.0,0.0,0.0,0.0,0.0,0.0,0.5,0.0,0.5,0.0,0.0,0.0,0.0,0.0,0.0,0.0,0.0,0.0,0.0,0.0,0.0,0.0,0.0,0.0,0.5,0.0,0.5,0,0.0,0.0,0.0,0.0,0.0
Radial,9,16,True,True,0.0,0.0,0.0,4.0,7.5,3.0,0,0,0.0,0.0,0.0,0.0,0.0,0.0,0.0,4.0,13.5,1.5,0.5,35.0,8.0,0.0,0.0,0.0,0.0,0.0,0.0,0.0,0.0,0.0,3.5,6.5,1.5,0.0,0.0,0.0,0.0,0.0,0.0,0.0,0.0,0.0,0.0,0.0,0.0,0.0,0.0,0.0,3.0,6.0,1.0,0,0.0,0.0,0.0,0.0,0.0
Radial,9,17,False,False,0.0,0.0,0.0,2.0,4.0,1.0,0,0,0.0,0.0,0.0,0.0,0.0,0.0,0.0,5.5,11.0,4.0,7.5,3.0,3.0,0.0,0.0,0.0,0.0,0.0,0.0,0.0,0.0,0.0,16.0,18.5,1.0,0.0,0.0,0.0,0.0,0.0,0.0,0.0,0.0,0.0,0.0,0.0,0.0,0.0,0.0,0.0,0.5,0.0,3.5,0,0.0,0.0,0.0,0.0,0.0
Radial,9,18,True,True,0.0,0.0,0.0,0.0,4.0,0.5,0,0,0.0,0.0,0.0,0.0,0.0,0.0,0.0,2.5,44.0,5.0,15.0,45.0,0.0,0.0,0.0,0.0,0.0,0.0,0.0,0.0,0.0,0.0,0.0,3.0,18.0,0.0,0.0,0.0,0.0,0.0,0.0,0.5,0.0,0.0,0.0,0.0,0.0,0.0,0.0,0.0,15.0,6.0,8.0,0,0.0,0.0,0.0,0.0,0.0
Radial,9,19,False,True,0.0,0.0,0.0,4.5,8.0,8.0,0,0,0.0,0.0,0.0,0.0,7.5,3.0,0.5,2.5,15.0,2.0,3.0,35.0,3.0,0.0,0.0,7.5,0.0,0.0,0.0,0.0,0.0,3.0,1.5,3.5,0.5,0.0,0.0,0.0,0.0,0.0,0.0,0.0,0.0,0.0,0.0,0.0,0.0,0.0,0.0,0.0,3.0,7.0,3.5,0,0.0,0.0,0.0,0.0,0.0
Radial,9,20,True,True,0.0,0.5,0.0,1.5,4.5,0.0,0,0,0.0,0.0,0.0,0.0,0.0,0.0,0.0,9.0,25.0,10.0,3.0,7.5,0.5,0.0,0.0,0.0,0.0,0.0,0.0,0.0,0.0,0.0,0.5,0.5,1.0,0.0,0.0,0.0,0.0,0.0,0.0,0.0,0.0,0.0,0.0,0.0,0.0,0.0,0.0,0.0,3.0,26.0,18.0,0,3.0,0.0,0.0,0.0,0.0
Radial,9,21,False,True,0.0,0.0,0.0,2.0,3.0,0.0,0,0,0.0,0.0,0.0,0.0,0.5,0.0,0.5,5.5,27.5,1.0,3.0,7.5,7.5,25.0,0.0,3.0,0.0,0.0,0.0,0.0,0.0,0.0,1.0,6.0,1.0,0.0,0.0,0.0,0.0,0.0,0.0,0.0,0.0,0.0,0.0,3.0,0.0,0.0,0.0,0.0,1.0,15.5,1.5,0,0.0,0.0,0.0,0.0,0.0
Radial,9,22,True,True,0.0,0.0,0.0,8.5,1.0,0.0,0,0,0.0,0.0,0.0,0.0,0.5,0.5,0.0,3.0,6.0,4.5,0.5,7.5,0.5,0.0,0.0,3.5,0.0,0.0,0.0,0.0,0.0,0.0,0.5,3.5,1.0,0.0,0.0,0.0,0.0,0.0,0.0,0.0,0.0,0.0,0.0,0.0,0.0,0.0,0.0,0.0,7.5,38.5,8.0,0,0.0,0.0,0.0,0.0,0.0
Radial,9,23,False,True,0.0,0.0,0.0,4.5,4.0,0.5,0,0,0.0,0.0,0.0,0.0,0.0,0.0,0.0,5.0,19.5,3.5,7.5,7.5,3.0,0.0,0.0,0.5,0.0,0.0,0.0,0.0,0.0,0.0,26.5,11.0,4.0,0.0,0.0,0.0,0.0,0.0,0.0,0.0,0.0,0.0,0.0,3.0,0.0,0.0,0.0,0.0,3.0,11.0,1.0,0,0.0,0.0,0.0,0.0,0.0
Radial,9,24,True,True,0.0,0.0,0.0,2.0,11.5,0.5,0,0,0.0,0.0,3.0,0.5,0.0,0.5,0.0,11.0,29.0,0.5,7.5,45.0,7.5,0.0,0.0,0.0,0.0,0.0,0.0,0.0,0.0,0.0,8.0,18.0,0.5,0.0,0.0,0.0,3.0,7.5,0.0,0.0,0.0,0.0,0.0,0.0,0.0,0.0,0.0,0.0,1.0,13.5,0.0,0,0.0,0.0,0.0,0.0,0.0
Radial,9,25,False,True,0.0,0.0,0.0,2.0,3.5,1.0,0,0,0.0,0.0,0.0,0.0,0.0,0.0,0.0,7.5,27.5,5.0,35.0,55.0,0.5,0.0,10.5,0.0,0.0,0.0,0.0,0.0,0.0,0.0,1.0,6.0,1.5,0.0,0.0,0.0,0.0,0.0,0.0,0.0,0.0,0.0,0.0,0.0,0.0,0.0,0.0,0.0,35.0,0.5,15.0,0,0.0,0.0,0.0,0.0,0.0
Radial,9,26,True,True,0.0,0.0,0.0,5.0,11.0,15.5,0,0,0.0,0.0,0.0,0.0,3.0,0.0,0.0,7.0,24.0,8.5,0.5,0.0,0.0,0.0,0.5,0.0,0.0,0.0,0.0,0.0,0.0,0.0,3.5,10.5,0.5,0.0,0.0,0.0,0.0,0.0,0.0,0.0,0.0,0.0,0.0,3.0,0.0,0.0,0.0,0.0,15.0,15.5,1.5,0,0.0,0.0,0.0,0.0,0.0
Radial,9,27,False,True,0.0,0.0,0.0,4.5,6.5,0.0,0,0,0.0,0.0,0.0,0.0,0.0,0.0,0.0,9.0,13.5,1.0,15.0,65.0,55.0,0.0,0.5,0.5,0.0,0.0,0.0,0.0,0.0,0.0,6.5,6.0,1.5,0.5,0.0,0.0,0.0,0.0,0.0,0.0,0.0,0.0,0.0,3.0,0.0,0.0,0.0,0.0,0.5,6.0,1.0,0,0.0,0.0,0.0,0.0,0.0
Radial,9,28,True,True,0.0,0.0,0.0,2.5,2.0,4.5,0,0,0.0,0.0,0.0,0.0,0.0,3.0,0.0,5.5,19.5,2.0,0.0,25.0,0.5,0.0,0.0,0.0,0.0,0.0,0.0,0.0,0.0,0.0,16.0,10.5,1.5,0.0,0.0,0.0,0.0,0.0,0.0,0.0,0.0,0.0,0.0,3.0,0.0,0.0,0.0,0.0,15.0,3.5,0.0,0,0.0,0.0,0.0,0.0,0.0
Radial,9,29,False,True,0.0,0.0,0.0,2.0,15.5,0.5,0,0,0.0,0.0,0.0,0.0,7.5,0.0,0.0,16.0,20.5,4.5,7.5,25.0,3.0,0.0,0.0,3.0,0.0,0.0,0.0,0.0,0.0,0.0,1.5,18.0,1.0,0.5,0.0,0.0,0.0,0.0,0.0,0.0,0.0,0.0,0.0,0.0,0.0,0.0,0.0,0.0,0.0,0.0,0.0,0,0.0,0.0,0.0,0.0,0.0
Radial,9,30,True,True,0.0,0.0,0.0,2.0,0.5,0.0,0,0,0.0,0.0,0.0,0.0,3.0,15.0,0.0,8.5,3.5,1.0,3.0,75.0,3.0,0.0,0.0,25.0,0.0,0.0,0.0,0.0,0.0,0.0,4.0,3.0,1.0,0.0,0.0,0.0,3.0,3.0,0.0,0.0,0.0,0.0,0.5,0.0,0.0,0.0,0.0,0.0,0.5,0.0,0.5,0,0.0,0.0,0.0,0.0,0.0
Radial,9,31,False,True,0.5,0.0,0.0,3.0,16.5,25.5,0,0,0.0,0.0,0.0,0.0,0.0,0.0,0.0,2.5,3.5,2.0,15.0,75.0,15.0,0.0,0.0,0.0,0.0,0.0,0.0,0.0,0.0,0.0,36.5,7.5,0.0,0.0,0.0,0.0,0.0,0.0,0.0,0.0,0.0,0.0,0.0,0.0,0.0,0.0,0.0,0.0,8.0,8.0,8.0,0,0.0,0.0,0.0,0.0,0.0
Radial,9,32,True,True,0.0,0.0,0.0,1.5,4.0,0.5,0,0,0.0,0.0,0.0,0.0,0.0,3.0,0.0,5.5,15.0,3.5,3.0,3.0,0.5,0.0,3.0,25.0,0.0,0.0,0.0,0.0,0.0,0.0,15.0,3.5,1.0,0.0,0.0,0.0,0.0,0.0,0.0,0.0,0.0,0.0,0.0,3.0,0.0,0.0,0.0,0.0,7.5,1.0,15.0,0,0.0,0.0,0.0,0.0,0.0
